id,first_name,last_name,email,gender,ip_address
1,Cyndi,Cliss,ccliss0@mapquest.com,Female,74.112.105.131
2,Tallou,Ashdown,tashdown1@zimbio.com,Female,175.69.25.142
3,Bettina,de Tocqueville,bdetocqueville2@census.gov,Female,203.100.200.15
4,Gianna,Evequot,gevequot3@mit.edu,Female,182.111.187.107
5,Zared,Jerzykiewicz,zjerzykiewicz4@biglobe.ne.jp,Male,65.249.9.64
6,Tallulah,Sudddard,tsudddard5@printfriendly.com,Female,63.119.52.61
7,Brittaney,Pischel,bpischel6@time.com,Female,143.231.158.0
8,Standford,Ende,sende7@liveinternet.ru,Male,111.246.160.77
9,Fabian,Keward,fkeward8@shareasale.com,Male,22.172.26.64
10,Jacob,Whitnell,jwhitnell9@loc.gov,Male,52.248.207.134
11,Graeme,Oxberry,goxberrya@alexa.com,Male,249.61.54.145
12,Isidor,Casaccia,icasacciab@senate.gov,Male,165.253.44.21
13,Mandel,Dutteridge,mdutteridgec@nhs.uk,Male,170.232.62.167
14,Rickert,Kowal,rkowald@omniture.com,Agender,77.44.132.127
15,Jabez,Jeschner,jjeschnere@miibeian.gov.cn,Male,180.209.254.29
16,Marcellus,Talby,mtalbyf@oracle.com,Male,183.122.210.129
17,Shelby,Toffanini,stoffaninig@wikispaces.com,Female,228.239.33.109
18,Arlin,Jeandillou,ajeandillouh@un.org,Male,247.28.245.16
19,Charis,Murfin,cmurfini@techcrunch.com,Female,115.240.163.15
20,Larry,Alpin,lalpinj@prweb.com,Male,141.83.58.4
21,Myrah,Lonsdale,mlonsdalek@blogspot.com,Female,177.210.160.126
22,Sophie,Snodden,ssnoddenl@oracle.com,Female,213.107.255.47
23,Seth,Hawarden,shawardenm@biglobe.ne.jp,Male,255.105.152.202
24,Brad,Gearty,bgeartyn@msu.edu,Male,172.1.98.177
25,Sofie,Gelardi,sgelardio@yahoo.com,Female,80.128.254.179
26,Alfred,Pryke,aprykep@shareasale.com,Male,4.156.2.13
27,Kimble,Spadeck,kspadeckq@google.co.jp,Male,173.133.211.230
28,Wald,Wills,wwillsr@zimbio.com,Male,161.173.228.170
29,Pammy,Carnihan,pcarnihans@alibaba.com,Female,62.46.18.164
30,Abbye,Flinn,aflinnt@nature.com,Female,206.33.230.75
31,Cathlene,Yarnold,cyarnoldu@ox.ac.uk,Female,85.203.244.21
32,Onfroi,Batterson,obattersonv@ted.com,Male,209.250.49.225
33,Rodi,Dunmuir,rdunmuirw@loc.gov,Female,106.199.114.246
34,Damien,MacCahee,dmaccaheex@wikispaces.com,Male,143.196.182.199
35,Carver,Ambroise,cambroisey@prweb.com,Male,191.249.98.63
36,Penny,Hayhurst,phayhurstz@cbslocal.com,Male,65.230.160.179
37,Aloysia,Slader,aslader10@angelfire.com,Genderqueer,250.85.109.219
38,Augusta,Peverell,apeverell11@seesaa.net,Female,251.6.248.105
39,Violante,Hunte,vhunte12@parallels.com,Female,71.204.246.99
40,Lorenza,Trenholme,ltrenholme13@wufoo.com,Agender,0.133.97.86
41,Codie,Mundford,cmundford14@smugmug.com,Female,43.112.188.104
42,Thatch,Beresfore,tberesfore15@cam.ac.uk,Male,70.150.245.237
43,Barnaby,Noquet,bnoquet16@google.com.br,Male,85.68.99.186
44,Jon,Logsdale,jlogsdale17@ifeng.com,Male,11.27.167.130
45,Drud,Mollen,dmollen18@bbc.co.uk,Male,241.54.36.46
46,Angelico,Maus,amaus19@businesswire.com,Male,0.154.126.241
47,Nelli,Jeavons,njeavons1a@topsy.com,Female,73.3.178.227
48,Camellia,Kidgell,ckidgell1b@over-blog.com,Female,255.228.193.157
49,Marcella,Souley,msouley1c@imageshack.us,Female,65.35.1.175
50,Morgun,Conquest,mconquest1d@about.com,Male,125.237.68.23
51,Elmira,Boxhall,eboxhall1e@nasa.gov,Female,155.123.118.35
52,Kania,Beeble,kbeeble1f@cdc.gov,Female,220.159.68.230
53,Cloe,Lanceter,clanceter1g@miitbeian.gov.cn,Female,213.198.71.32
54,Toby,Seden,tseden1h@seesaa.net,Female,114.123.108.0
55,Lyon,Shrubb,lshrubb1i@histats.com,Male,62.53.59.12
56,Lane,Cervantes,lcervantes1j@indiatimes.com,Female,229.91.127.50
57,Donnie,Foulgham,dfoulgham1k@google.com,Female,103.118.213.185
58,Conn,Sollom,csollom1l@marriott.com,Male,174.18.252.76
59,Giacopo,Helversen,ghelversen1m@woothemes.com,Male,103.117.158.25
60,Anderson,Flade,aflade1n@unblog.fr,Male,187.187.175.228
61,Vinnie,Coghlan,vcoghlan1o@illinois.edu,Male,107.95.8.61
62,Carlie,Tee,ctee1p@vistaprint.com,Male,94.200.11.157
63,Joete,Diviney,jdiviney1q@networksolutions.com,Female,25.101.138.55
64,Alana,Colliss,acolliss1r@godaddy.com,Female,182.232.20.45
65,Sandye,Addy,saddy1s@opensource.org,Genderfluid,41.33.134.132
66,Natalie,MacNockater,nmacnockater1t@ft.com,Female,8.250.250.200
67,Joni,Bartrap,jbartrap1u@kickstarter.com,Genderqueer,241.77.35.66
68,Waiter,Dundredge,wdundredge1v@engadget.com,Male,43.58.223.141
69,Isis,Spiring,ispiring1w@phoca.cz,Genderfluid,65.47.153.9
70,Jesse,Bartels,jbartels1x@altervista.org,Male,80.31.72.114
71,Cody,Dowzell,cdowzell1y@google.com.au,Male,170.13.184.83
72,Caralie,Lesley,clesley1z@kickstarter.com,Female,40.197.103.183
73,Brocky,Bettleson,bbettleson20@com.com,Male,29.90.167.33
74,Jim,Rabbe,jrabbe21@telegraph.co.uk,Male,102.138.197.115
75,Suzie,Atley,satley22@yelp.com,Female,192.245.172.233
76,Quinta,Druhan,qdruhan23@upenn.edu,Female,198.50.164.151
77,Eben,Hailston,ehailston24@yolasite.com,Male,255.76.30.44
78,Kristan,Reveley,kreveley25@dmoz.org,Female,7.199.197.95
79,Amberly,Jostan,ajostan26@joomla.org,Female,45.196.226.71
80,Kalindi,Thaw,kthaw27@baidu.com,Female,66.36.185.199
81,Zea,Sealeaf,zsealeaf28@wordpress.com,Female,255.11.119.20
82,Rocky,Kidstoun,rkidstoun29@trellian.com,Male,90.217.205.30
83,Roda,Antoshin,rantoshin2a@engadget.com,Female,0.43.105.216
84,Raleigh,Benwell,rbenwell2b@opera.com,Male,177.127.172.208
85,Leia,Newart,lnewart2c@pbs.org,Female,151.230.20.244
86,Diana,Warstall,dwarstall2d@deviantart.com,Female,113.181.232.216
87,Aksel,Norway,anorway2e@gizmodo.com,Male,16.73.76.201
88,Hunt,Grimmolby,hgrimmolby2f@google.com,Male,120.116.254.121
89,Salvador,Kehri,skehri2g@yelp.com,Male,98.100.57.93
90,Corene,Whooley,cwhooley2h@last.fm,Female,151.8.130.106
91,Ruthy,Hawkins,rhawkins2i@loc.gov,Female,187.208.194.232
92,Sherline,Hischke,shischke2j@amazon.de,Female,81.23.89.181
93,Pyotr,Beausang,pbeausang2k@so-net.ne.jp,Male,0.74.131.63
94,Farrel,Hambatch,fhambatch2l@auda.org.au,Male,210.91.116.105
95,Marcile,Endrici,mendrici2m@pinterest.com,Female,104.103.117.39
96,Tris,Djekic,tdjekic2n@google.ru,Male,171.215.74.127
97,Cesar,Romero,cromero2o@wikipedia.org,Male,50.13.103.40
98,Deva,Axup,daxup2p@bloglovin.com,Female,206.199.185.105
99,Mallorie,Fluger,mfluger2q@mozilla.org,Female,14.247.234.27
100,Ransom,Majury,rmajury2r@fc2.com,Male,71.56.63.253
101,Sue,Chetwind,schetwind2s@illinois.edu,Female,212.47.151.25
102,Emmalynn,Duffer,eduffer2t@edublogs.org,Female,133.147.71.184
103,Patten,Rubinek,prubinek2u@prweb.com,Male,151.113.219.153
104,Keeley,Bragg,kbragg2v@exblog.jp,Female,31.202.7.15
105,Leoine,Garter,lgarter2w@reddit.com,Female,52.190.241.193
106,Howie,Mc Ilory,hmcilory2x@wunderground.com,Male,29.142.13.47
107,Sasha,Goldsbury,sgoldsbury2y@cmu.edu,Female,70.31.181.186
108,Joshia,Prydie,jprydie2z@desdev.cn,Male,170.196.129.196
109,Kory,Costell,kcostell30@smugmug.com,Male,118.62.100.253
110,Leontyne,Batch,lbatch31@hubpages.com,Female,212.200.156.240
111,Lorine,Shewring,lshewring32@whitehouse.gov,Female,11.7.143.121
112,Augustina,Sollam,asollam33@blogs.com,Female,16.48.81.100
113,Fancy,Goodin,fgoodin34@lycos.com,Female,75.32.12.75
114,Germaine,Le Marchant,glemarchant35@scientificamerican.com,Male,235.27.205.35
115,Kingston,Darrell,kdarrell36@youku.com,Male,95.196.80.38
116,Javier,Provis,jprovis37@usa.gov,Male,81.9.94.27
117,Hadlee,Verdun,hverdun38@jalbum.net,Male,64.151.190.45
118,Florence,Standon,fstandon39@storify.com,Female,149.251.76.51
119,Bibi,Wadie,bwadie3a@disqus.com,Bigender,191.34.238.199
120,Cassi,Cicetti,ccicetti3b@yahoo.co.jp,Female,143.245.88.246
121,Ives,Negal,inegal3c@nasa.gov,Male,138.89.126.126
122,Thorn,Ogbourne,togbourne3d@marriott.com,Male,4.10.179.76
123,Vilma,Castletine,vcastletine3e@youku.com,Female,239.239.38.171
124,Maurene,MacWhan,mmacwhan3f@mapy.cz,Female,58.105.208.21
125,Vitoria,Izac,vizac3g@smh.com.au,Female,203.12.206.216
126,Maggi,Thorwarth,mthorwarth3h@hugedomains.com,Female,32.46.112.40
127,Rhiamon,Renwick,rrenwick3i@diigo.com,Female,168.73.27.133
128,Aluino,Rubinowitch,arubinowitch3j@shinystat.com,Male,53.142.246.228
129,Matty,Hagstone,mhagstone3k@feedburner.com,Genderqueer,110.108.184.0
130,Luce,Brambell,lbrambell3l@nytimes.com,Male,29.4.47.45
131,Marcie,Pumfrett,mpumfrett3m@independent.co.uk,Female,158.64.127.189
132,Valdemar,Aliman,valiman3n@slate.com,Male,223.225.62.44
133,Staci,Pincked,spincked3o@scribd.com,Female,81.88.95.106
134,Kissiah,MacElane,kmacelane3p@rakuten.co.jp,Female,148.20.19.205
135,Michele,Mealham,mmealham3q@eventbrite.com,Male,183.148.144.192
136,Babb,Fantone,bfantone3r@apple.com,Female,225.71.160.0
137,Arabele,Howatt,ahowatt3s@fda.gov,Female,169.190.236.180
138,Mathias,Smeall,msmeall3t@examiner.com,Male,249.98.175.118
139,Nikolai,Wybrow,nwybrow3u@skyrock.com,Male,82.6.199.81
140,Brena,Middlebrook,bmiddlebrook3v@usnews.com,Female,16.230.151.79
141,Rachele,Matthis,rmatthis3w@flavors.me,Female,89.153.119.65
142,Stanislaus,Blaschek,sblaschek3x@tmall.com,Male,10.95.88.68
143,Allison,Tunney,atunney3y@4shared.com,Female,56.120.67.134
144,Darcie,Sandey,dsandey3z@google.ca,Female,247.187.164.129
145,Mike,Janusz,mjanusz40@unc.edu,Male,212.76.115.3
146,Upton,Osgardby,uosgardby41@linkedin.com,Male,112.53.78.130
147,Darleen,Rockey,drockey42@stumbleupon.com,Female,71.36.184.161
148,Briny,Torn,btorn43@behance.net,Female,141.186.104.252
149,Lonnard,Sirrell,lsirrell44@jugem.jp,Male,161.180.228.191
150,Binky,McTavy,bmctavy45@icio.us,Male,138.154.131.220
151,Alvina,Wixon,awixon46@163.com,Female,234.26.111.161
152,Hilde,MacIlurick,hmacilurick47@bbc.co.uk,Female,254.40.145.44
153,Sarette,Pilsworth,spilsworth48@hibu.com,Female,194.70.132.100
154,Enrico,Ziemens,eziemens49@discuz.net,Male,151.82.204.42
155,Jonathon,Djordjevic,jdjordjevic4a@indiegogo.com,Male,41.170.231.35
156,Albie,Raper,araper4b@histats.com,Male,236.141.86.41
157,Elmo,Kleynermans,ekleynermans4c@noaa.gov,Male,242.233.45.186
158,Fredric,Camis,fcamis4d@ask.com,Male,150.146.186.96
159,Vin,Kelland,vkelland4e@china.com.cn,Female,228.113.78.48
160,Gisella,Hail,ghail4f@va.gov,Agender,244.153.231.55
161,Derwin,Checkley,dcheckley4g@ezinearticles.com,Male,110.126.249.173
162,Yanaton,Chrispin,ychrispin4h@spiegel.de,Male,184.16.216.121
163,Amerigo,Scala,ascala4i@nydailynews.com,Male,111.111.37.248
164,Hartwell,Gunton,hgunton4j@noaa.gov,Male,252.196.8.230
165,Luis,Beert,lbeert4k@yahoo.co.jp,Male,110.169.113.176
166,Naoma,D'Orsay,ndorsay4l@sciencedaily.com,Female,69.68.32.18
167,Flor,Gobourn,fgobourn4m@webnode.com,Female,124.133.17.53
168,Bethena,Syfax,bsyfax4n@vinaora.com,Non-binary,155.87.3.119
169,Florenza,Brownstein,fbrownstein4o@theatlantic.com,Female,94.219.61.239
170,Krishna,Sagg,ksagg4p@spiegel.de,Male,101.64.231.95
171,Marion,Rosten,mrosten4q@cbc.ca,Male,56.252.153.134
172,Elaina,Robshaw,erobshaw4r@tripadvisor.com,Female,124.177.115.247
173,Valene,Goss,vgoss4s@google.es,Female,154.178.169.14
174,Flemming,Spitell,fspitell4t@theatlantic.com,Male,201.141.204.199
175,Sly,Sellstrom,ssellstrom4u@google.ru,Male,50.194.199.115
176,Barnard,Dasent,bdasent4v@cam.ac.uk,Agender,95.21.38.100
177,Tate,Featherstone,tfeatherstone4w@dropbox.com,Male,17.78.148.200
178,Darryl,Ogborne,dogborne4x@wix.com,Female,120.216.17.80
179,Kelsey,Darrell,kdarrell4y@state.tx.us,Agender,194.252.90.116
180,Jenda,Muzzini,jmuzzini4z@nhs.uk,Female,247.170.20.194
181,Laurene,Bansal,lbansal50@clickbank.net,Female,131.145.17.91
182,Hana,Venneur,hvenneur51@walmart.com,Female,149.50.219.93
183,Darby,Lewin,dlewin52@ucoz.ru,Female,52.123.70.254
184,Hermann,Elix,helix53@webeden.co.uk,Male,206.244.55.207
185,Tadeas,Cummungs,tcummungs54@parallels.com,Male,244.245.209.243
186,Aloysia,Figge,afigge55@who.int,Bigender,67.146.173.43
187,Torrance,De Bruyn,tdebruyn56@yellowpages.com,Male,142.165.184.24
188,Maureen,Pickton,mpickton57@cpanel.net,Female,170.128.68.25
189,Orelia,Caser,ocaser58@unblog.fr,Female,242.69.12.22
190,Petr,Brosoli,pbrosoli59@booking.com,Male,38.30.129.244
191,Shellie,Merryfield,smerryfield5a@mozilla.com,Female,226.103.141.114
192,Federica,Hars,fhars5b@usnews.com,Female,44.138.143.153
193,Sonja,Simondson,ssimondson5c@comsenz.com,Female,173.186.136.114
194,Jens,Lehrian,jlehrian5d@alibaba.com,Genderqueer,121.4.183.109
195,Kit,Pritchitt,kpritchitt5e@fastcompany.com,Polygender,74.94.40.36
196,Cullen,Dengel,cdengel5f@whitehouse.gov,Male,124.25.24.239
197,Carlynn,Pfleger,cpfleger5g@toplist.cz,Female,10.103.99.242
198,Matty,Mayoh,mmayoh5h@wikia.com,Male,142.221.62.210
199,Casie,Sirmon,csirmon5i@archive.org,Female,243.215.230.164
200,Alister,Doe,adoe5j@etsy.com,Male,112.113.137.238
201,Sharlene,Kordas,skordas5k@domainmarket.com,Female,178.199.194.195
202,Hammad,Manifould,hmanifould5l@stumbleupon.com,Male,144.223.59.97
203,Aldus,Connichie,aconnichie5m@fda.gov,Genderfluid,233.172.27.242
204,Thorny,Scay,tscay5n@1688.com,Male,23.173.104.139
205,Nicolina,Sabbin,nsabbin5o@cam.ac.uk,Female,78.42.228.55
206,Perry,Kenderdine,pkenderdine5p@techcrunch.com,Male,182.216.50.20
207,Evvy,Bartlett,ebartlett5q@rediff.com,Female,113.53.28.181
208,Cully,Hoolaghan,choolaghan5r@godaddy.com,Male,200.12.114.242
209,Eamon,Brugmann,ebrugmann5s@ox.ac.uk,Male,22.248.13.180
210,Uriel,Bernardin,ubernardin5t@geocities.com,Male,13.55.127.107
211,Jaymee,Clee,jclee5u@g.co,Female,101.160.65.16
212,Audie,Jiroudek,ajiroudek5v@printfriendly.com,Female,168.2.70.123
213,Abelard,Axtonne,aaxtonne5w@w3.org,Male,154.9.233.28
214,Marta,Gillopp,mgillopp5x@va.gov,Female,21.226.157.122
215,Franky,Angelini,fangelini5y@google.es,Genderqueer,203.5.102.169
216,Binky,Jamme,bjamme5z@google.cn,Male,185.185.183.237
217,Maria,Bohike,mbohike60@theguardian.com,Female,88.203.131.174
218,Arvin,Huntington,ahuntington61@ca.gov,Male,136.79.186.178
219,Gabriella,Cudiff,gcudiff62@wikimedia.org,Female,55.197.0.168
220,Ulises,Iffland,uiffland63@sbwire.com,Male,127.234.223.214
221,Niko,Defew,ndefew64@latimes.com,Male,121.63.21.8
222,Kelcy,Pettiford,kpettiford65@baidu.com,Female,42.73.24.3
223,Cordie,Jannings,cjannings66@slideshare.net,Male,64.72.89.67
224,Mia,Cadwallader,mcadwallader67@parallels.com,Female,246.73.34.221
225,Brigid,Cluse,bcluse68@loc.gov,Female,86.93.245.220
226,Tyrone,Bernardini,tbernardini69@bizjournals.com,Male,66.49.176.100
227,Marguerite,Dugald,mdugald6a@prnewswire.com,Female,49.154.49.192
228,Dane,Sallans,dsallans6b@nationalgeographic.com,Male,134.155.97.108
229,Neall,Gytesham,ngytesham6c@pcworld.com,Male,135.243.229.46
230,Damaris,Dearlove,ddearlove6d@delicious.com,Female,123.37.5.156
231,Enrika,Probyn,eprobyn6e@netlog.com,Female,0.24.158.60
232,Dion,Ecles,decles6f@archive.org,Genderfluid,58.132.246.72
233,Sterling,Challender,schallender6g@theguardian.com,Male,243.212.227.143
234,Janith,Hatton,jhatton6h@symantec.com,Female,172.70.192.39
235,Dev,Andrault,dandrault6i@networksolutions.com,Male,116.194.40.1
236,Rice,Wildblood,rwildblood6j@tinypic.com,Male,163.210.60.200
237,Garwin,Moxted,gmoxted6k@gov.uk,Genderfluid,65.249.115.124
238,Emile,Chominski,echominski6l@hud.gov,Male,162.134.170.156
239,Giff,Freeth,gfreeth6m@hao123.com,Male,253.212.133.179
240,Linnie,McCloughlin,lmccloughlin6n@i2i.jp,Female,95.207.76.113
241,Bryna,Fick,bfick6o@bravesites.com,Non-binary,113.5.241.44
242,Annadiana,O'Carney,aocarney6p@nih.gov,Female,251.33.39.169
243,Allin,Baggett,abaggett6q@printfriendly.com,Male,95.55.123.198
244,Mireielle,Renachowski,mrenachowski6r@shareasale.com,Female,72.236.65.191
245,Teddy,Monckton,tmonckton6s@icq.com,Male,241.195.77.251
246,Nerty,McSharry,nmcsharry6t@wiley.com,Female,163.189.139.78
247,Silvano,Lombard,slombard6u@jigsy.com,Male,243.153.204.244
248,Theodosia,Lowsely,tlowsely6v@bbc.co.uk,Female,250.11.63.147
249,Nikkie,Hucklesby,nhucklesby6w@goo.gl,Female,111.213.179.102
250,Ryann,Tomicki,rtomicki6x@guardian.co.uk,Female,208.146.43.215
251,Dianne,Nancarrow,dnancarrow6y@marketwatch.com,Female,191.187.201.103
252,Cally,Cunnah,ccunnah6z@state.tx.us,Female,118.38.61.105
253,Jimmy,Anlay,janlay70@apache.org,Male,191.98.225.59
254,Alden,Olding,aolding71@gnu.org,Male,204.98.87.234
255,Otto,Troke,otroke72@dailymotion.com,Genderqueer,80.212.226.50
256,Phyllis,Kleinfeld,pkleinfeld73@technorati.com,Female,140.65.34.41
257,Briana,O'Hegertie,bohegertie74@1und1.de,Female,188.80.111.75
258,Hasheem,Budden,hbudden75@utexas.edu,Male,249.222.131.94
259,Ryon,Mollin,rmollin76@stanford.edu,Male,129.138.122.76
260,Sinclare,Meddemmen,smeddemmen77@theguardian.com,Male,32.20.14.52
261,Judd,Renoden,jrenoden78@tmall.com,Polygender,136.25.152.53
262,Rennie,Leidecker,rleidecker79@bloglines.com,Female,59.3.230.106
263,Elena,Ramshaw,eramshaw7a@nifty.com,Female,51.14.130.234
264,Niels,Gullan,ngullan7b@squarespace.com,Male,38.24.209.245
265,Keane,Lorkin,klorkin7c@cdbaby.com,Male,33.175.12.196
266,Tadd,Caldera,tcaldera7d@friendfeed.com,Male,72.245.12.185
267,Hamlin,Hillett,hhillett7e@yelp.com,Male,16.114.5.131
268,Danica,Duchesne,dduchesne7f@amazonaws.com,Female,244.228.48.157
269,Garreth,Godain,ggodain7g@indiegogo.com,Male,83.153.240.12
270,Rikki,Hallstone,rhallstone7h@imageshack.us,Male,110.239.231.67
271,Arabella,Raoult,araoult7i@unicef.org,Female,63.172.28.130
272,Donall,Chardin,dchardin7j@sogou.com,Male,185.245.202.33
273,Fields,Demead,fdemead7k@360.cn,Male,95.162.159.21
274,Riordan,Dumbrill,rdumbrill7l@uol.com.br,Genderqueer,166.47.99.180
275,Inesita,Madden,imadden7m@is.gd,Female,250.189.205.71
276,Sarah,Codeman,scodeman7n@ning.com,Female,251.81.192.244
277,Loren,Rozenzweig,lrozenzweig7o@miibeian.gov.cn,Female,74.35.243.158
278,Mahala,Gogerty,mgogerty7p@nba.com,Female,187.141.206.67
279,Francine,Spriggs,fspriggs7q@moonfruit.com,Female,138.202.249.151
280,Stephi,Hammerberger,shammerberger7r@odnoklassniki.ru,Female,63.183.72.122
281,Giraud,Tourry,gtourry7s@dion.ne.jp,Male,150.150.148.218
282,Minerva,Donnel,mdonnel7t@un.org,Female,147.116.62.68
283,Sancho,Pickle,spickle7u@intel.com,Male,199.22.194.35
284,Mareah,Pitcaithly,mpitcaithly7v@shareasale.com,Female,132.244.115.195
285,Dietrich,Habberjam,dhabberjam7w@theatlantic.com,Male,156.205.187.29
286,Jocelin,Allbon,jallbon7x@accuweather.com,Female,187.29.145.11
287,Kylen,Dundon,kdundon7y@fotki.com,Female,241.98.67.35
288,Mikey,Cassius,mcassius7z@vistaprint.com,Genderfluid,34.158.33.198
289,Coralie,Mathiot,cmathiot80@php.net,Female,138.191.148.31
290,Kearney,Rickwood,krickwood81@seattletimes.com,Male,172.209.100.113
291,Sibylle,Kingscote,skingscote82@google.de,Female,136.145.115.58
292,Bethina,Kidney,bkidney83@disqus.com,Female,56.98.68.7
293,Alistair,Hartington,ahartington84@about.me,Male,198.253.138.225
294,Serge,Jarrell,sjarrell85@google.com.au,Male,27.42.23.131
295,Rodger,Newburn,rnewburn86@census.gov,Male,248.15.3.176
296,Heinrik,Jurczyk,hjurczyk87@surveymonkey.com,Male,78.106.192.84
297,Kaja,Gyenes,kgyenes88@google.com.hk,Female,52.81.30.186
298,Belinda,Waddie,bwaddie89@google.nl,Female,143.91.37.203
299,Wittie,Duthy,wduthy8a@xrea.com,Male,136.226.203.6
300,Huntington,Pirie,hpirie8b@theatlantic.com,Male,130.160.164.232
301,Arabele,Philbrick,aphilbrick8c@feedburner.com,Female,64.25.84.54
302,Kit,McGenn,kmcgenn8d@usa.gov,Male,180.11.199.235
303,Carolee,Readwin,creadwin8e@barnesandnoble.com,Female,219.139.249.248
304,Brien,Pacitti,bpacitti8f@last.fm,Male,0.144.19.194
305,Isiahi,Ritchley,iritchley8g@stumbleupon.com,Male,143.137.119.73
306,Ripley,Thebeaud,rthebeaud8h@army.mil,Male,174.158.85.160
307,Chrisy,Graal,cgraal8i@1688.com,Male,38.172.164.48
308,Codie,Caulkett,ccaulkett8j@shinystat.com,Female,227.17.54.80
309,Nico,Gounel,ngounel8k@google.com,Male,87.115.59.98
310,Tome,Derill,tderill8l@constantcontact.com,Male,191.136.194.66
311,Shela,Baddow,sbaddow8m@dagondesign.com,Female,198.11.251.204
312,Heida,Castellaccio,hcastellaccio8n@latimes.com,Agender,65.114.110.43
313,Debor,Bendall,dbendall8o@addtoany.com,Female,155.89.84.171
314,Cyrus,Lentsch,clentsch8p@home.pl,Male,197.35.115.179
315,Avram,Rois,arois8q@wikimedia.org,Male,209.113.158.72
316,Jennine,Ziems,jziems8r@reuters.com,Female,231.49.24.182
317,Tades,Whylie,twhylie8s@nydailynews.com,Male,188.227.139.164
318,Berti,Backshaw,bbackshaw8t@timesonline.co.uk,Male,131.28.96.148
319,Wolf,Acott,wacott8u@narod.ru,Male,97.227.109.217
320,Kris,Hagyard,khagyard8v@blogspot.com,Female,61.75.93.180
321,Alfi,Bethell,abethell8w@4shared.com,Female,84.42.136.24
322,Reginald,Campion,rcampion8x@google.co.jp,Male,118.52.66.227
323,Carilyn,Brownfield,cbrownfield8y@slashdot.org,Female,23.3.124.173
324,Sascha,Strafford,sstrafford8z@nsw.gov.au,Female,247.93.10.169
325,Meade,Hammerson,mhammerson90@slate.com,Female,59.99.158.11
326,Correna,Dight,cdight91@uiuc.edu,Genderfluid,44.240.167.129
327,Lianne,Pyrke,lpyrke92@dagondesign.com,Female,167.91.61.156
328,Loralyn,Croad,lcroad93@vistaprint.com,Female,194.112.87.216
329,Edeline,Maling,emaling94@jigsy.com,Female,112.159.177.92
330,Melessa,Feehily,mfeehily95@mapy.cz,Female,108.52.204.129
331,Genni,Matyja,gmatyja96@hao123.com,Agender,134.134.234.204
332,Briggs,Gomer,bgomer97@g.co,Male,94.149.170.112
333,Madelon,Stanney,mstanney98@studiopress.com,Female,102.180.203.120
334,Yolanda,Whicher,ywhicher99@hc360.com,Female,181.190.125.32
335,Mariana,Cast,mcast9a@cnn.com,Female,69.6.130.196
336,Clarance,McQuirter,cmcquirter9b@mtv.com,Polygender,67.189.246.38
337,Bamby,Matevushev,bmatevushev9c@mysql.com,Female,130.239.225.123
338,Kaspar,Crottagh,kcrottagh9d@ox.ac.uk,Male,60.239.231.163
339,Francois,Parslow,fparslow9e@lulu.com,Male,188.65.36.165
340,Ashbey,Ragat,aragat9f@cnn.com,Male,252.1.76.30
341,Sutherlan,Algy,salgy9g@blogger.com,Male,105.247.187.45
342,Grayce,Kenney,gkenney9h@weather.com,Female,63.19.3.19
343,Bryana,Swyn,bswyn9i@weebly.com,Female,185.46.200.51
344,Tabbie,Tamas,ttamas9j@rambler.ru,Male,104.126.100.228
345,Arri,Lippett,alippett9k@elpais.com,Male,232.65.101.31
346,Mylo,Soppett,msoppett9l@statcounter.com,Male,60.116.232.240
347,Bill,Crouch,bcrouch9m@narod.ru,Male,68.133.115.23
348,Arlen,Ridgwell,aridgwell9n@youku.com,Female,228.221.0.154
349,Adriana,Strond,astrond9o@biblegateway.com,Bigender,228.36.190.126
350,Leroy,Crumly,lcrumly9p@deliciousdays.com,Male,27.239.166.136
351,Silvano,Bryan,sbryan9q@paypal.com,Male,21.90.207.31
352,Mignon,Kyme,mkyme9r@wikipedia.org,Female,214.55.194.194
353,Shaylah,Roden,sroden9s@drupal.org,Female,148.226.192.205
354,Aaron,Shellum,ashellum9t@npr.org,Male,171.132.11.215
355,Karen,Dionisii,kdionisii9u@blog.com,Female,78.244.140.67
356,Henry,Maydway,hmaydway9v@sourceforge.net,Male,247.98.195.48
357,Vickie,Spenceley,vspenceley9w@acquirethisname.com,Female,85.163.198.27
358,Sax,Lakin,slakin9x@go.com,Male,91.200.199.145
359,Vania,Carn,vcarn9y@businesswire.com,Female,156.183.69.138
360,Ulises,Ingamells,uingamells9z@bravesites.com,Male,96.197.74.138
361,Karlan,Bisset,kbisseta0@yahoo.co.jp,Male,90.57.2.7
362,Pernell,Banbrigge,pbanbriggea1@economist.com,Male,143.18.22.87
363,Lizbeth,Touzey,ltouzeya2@merriam-webster.com,Female,201.28.68.89
364,Baxy,Wildsmith,bwildsmitha3@virginia.edu,Male,52.81.161.8
365,Nadia,Govan,ngovana4@myspace.com,Female,114.248.53.78
366,Nahum,Yanne,nyannea5@businesswire.com,Male,95.57.242.27
367,Alan,O'Driscoll,aodriscolla6@etsy.com,Male,23.127.239.211
368,Lyndsie,Ramlot,lramlota7@paginegialle.it,Female,75.139.236.144
369,Theobald,Bramer,tbramera8@disqus.com,Male,205.204.242.110
370,Gustave,Broxholme,gbroxholmea9@cisco.com,Male,173.20.146.226
371,Marja,La Rosa,mlarosaaa@independent.co.uk,Female,130.125.248.91
372,Cordula,Prydden,cpryddenab@imdb.com,Female,94.210.99.85
373,Pepito,Dikelin,pdikelinac@timesonline.co.uk,Non-binary,87.240.36.227
374,Nico,Whittock,nwhittockad@purevolume.com,Male,133.28.241.223
375,Clarice,De La Coste,cdelacosteae@tamu.edu,Female,215.95.195.210
376,Angelo,Vasyukhichev,avasyukhichevaf@usatoday.com,Male,132.154.0.184
377,Neville,Godleman,ngodlemanag@elpais.com,Male,254.244.89.77
378,Rosy,Shelper,rshelperah@businessinsider.com,Female,133.118.128.234
379,Baryram,Turfrey,bturfreyai@opera.com,Male,28.96.38.105
380,Vinson,Ralestone,vralestoneaj@myspace.com,Genderqueer,208.6.83.44
381,Lurline,Blacker,lblackerak@miibeian.gov.cn,Female,15.77.25.171
382,Othella,Egger,oeggeral@youku.com,Female,34.172.213.140
383,Helenka,Gloster,hglosteram@thetimes.co.uk,Female,16.151.210.222
384,Gerardo,Tanswill,gtanswillan@istockphoto.com,Male,157.189.138.14
385,Carlita,Rutt,cruttao@businessweek.com,Female,112.76.239.176
386,Jonas,Petracco,jpetraccoap@smugmug.com,Male,96.3.82.20
387,Davon,Merry,dmerryaq@va.gov,Male,102.64.148.34
388,Noellyn,Pavlitschek,npavlitschekar@t.co,Female,123.241.189.178
389,Justus,Writtle,jwrittleas@quantcast.com,Male,181.60.201.254
390,Suellen,Pepper,spepperat@pcworld.com,Female,239.201.183.102
391,Corie,Steart,csteartau@webnode.com,Female,174.70.219.69
392,Winnifred,Shand,wshandav@shareasale.com,Female,132.189.188.224
393,Millard,Burren,mburrenaw@admin.ch,Male,244.182.58.215
394,Rianon,Syddon,rsyddonax@unicef.org,Female,237.3.82.178
395,Danya,Jain,djainay@yellowbook.com,Female,250.219.254.194
396,Iain,Aers,iaersaz@dropbox.com,Male,87.215.151.57
397,Beatrisa,Sitch,bsitchb0@arstechnica.com,Female,243.112.193.133
398,Matias,Lewsley,mlewsleyb1@who.int,Male,156.185.169.221
399,Carleen,Conlon,cconlonb2@acquirethisname.com,Female,155.99.170.215
400,Sandy,Meyer,smeyerb3@blogs.com,Male,126.151.29.99
401,Ardene,Hurich,ahurichb4@nsw.gov.au,Female,34.124.75.165
402,Vikki,Calverd,vcalverdb5@omniture.com,Female,193.204.126.204
403,Arlene,Pottery,apotteryb6@chron.com,Female,233.197.51.13
404,Estell,Cornau,ecornaub7@cnn.com,Female,144.97.182.95
405,Walsh,Seeney,wseeneyb8@zimbio.com,Male,207.217.4.8
406,Stillman,Janssen,sjanssenb9@usgs.gov,Male,155.136.155.164
407,Leontine,Gatteridge,lgatteridgeba@networkadvertising.org,Female,72.5.177.170
408,Hillie,Hagan,hhaganbb@geocities.jp,Male,114.69.47.48
409,Hillyer,Goodsall,hgoodsallbc@vimeo.com,Male,0.253.99.31
410,Jacquenette,Farrier,jfarrierbd@netlog.com,Non-binary,110.12.52.171
411,Abraham,McVitty,amcvittybe@barnesandnoble.com,Male,17.15.94.83
412,Thurstan,Wormald,twormaldbf@loc.gov,Male,59.177.226.36
413,Jessee,Shakspeare,jshakspearebg@theguardian.com,Male,14.35.196.219
414,Wilone,Hopfer,whopferbh@gov.uk,Female,199.151.191.255
415,Maressa,Copson,mcopsonbi@youtu.be,Female,75.61.61.121
416,Matthiew,Gyer,mgyerbj@live.com,Bigender,251.191.204.29
417,Shaine,Monckman,smonckmanbk@boston.com,Female,239.169.15.89
418,Chrissy,Dougharty,cdoughartybl@hao123.com,Male,136.236.121.202
419,Bevin,Doak,bdoakbm@so-net.ne.jp,Male,91.120.196.156
420,Salomi,Reddings,sreddingsbn@netlog.com,Female,30.45.47.17
421,Erminia,Trubshaw,etrubshawbo@feedburner.com,Female,69.20.217.196
422,Federica,Paulisch,fpaulischbp@spiegel.de,Female,72.241.151.62
423,Morie,Menere,mmenerebq@telegraph.co.uk,Genderfluid,33.191.168.175
424,Clyde,Benedit,cbeneditbr@miitbeian.gov.cn,Bigender,210.246.41.130
425,Jephthah,Baty,jbatybs@hibu.com,Male,81.6.8.233
426,Flo,Tawn,ftawnbt@aboutads.info,Female,220.243.66.228
427,Lutero,Hellyar,lhellyarbu@washingtonpost.com,Male,210.59.150.94
428,Cari,Hallex,challexbv@boston.com,Female,147.2.210.210
429,Julianne,Forsyth,jforsythbw@g.co,Female,64.191.183.48
430,Trumaine,Skegg,tskeggbx@printfriendly.com,Male,52.119.51.194
431,Michaeline,Pattemore,mpattemoreby@go.com,Female,36.147.234.77
432,Padraic,MacTerrelly,pmacterrellybz@ocn.ne.jp,Male,114.181.232.149
433,Garold,Oddie,goddiec0@ustream.tv,Male,254.167.66.205
434,Roobbie,Boards,rboardsc1@goo.gl,Female,228.3.200.81
435,Patrizia,Estcourt,pestcourtc2@xrea.com,Female,158.34.43.91
436,Tymothy,Matthias,tmatthiasc3@yahoo.com,Male,115.224.46.123
437,Emili,Lade,eladec4@mapy.cz,Female,52.50.240.62
438,Afton,Titterton,atittertonc5@skyrock.com,Polygender,238.91.251.138
439,Ryan,Crissil,rcrissilc6@arstechnica.com,Male,97.165.2.28
440,Hortense,Hindshaw,hhindshawc7@wisc.edu,Female,235.46.98.246
441,Steffi,Frenzel;,sfrenzelc8@hatena.ne.jp,Female,241.58.144.40
442,Keely,O'Rourke,korourkec9@linkedin.com,Female,220.104.7.170
443,Melissa,Bramhall,mbramhallca@hc360.com,Female,123.24.81.153
444,Paolina,Herion,pherioncb@shareasale.com,Female,62.114.71.29
445,Karlie,Itzcovichch,kitzcovichchcc@google.co.jp,Female,4.122.20.249
446,Melba,Pressman,mpressmancd@1688.com,Female,247.163.60.74
447,Aggi,Adanez,aadanezce@over-blog.com,Female,177.183.1.18
448,Ronnie,Balhatchet,rbalhatchetcf@flickr.com,Male,153.178.31.223
449,Ninnetta,Spiaggia,nspiaggiacg@hostgator.com,Female,96.238.123.203
450,Othelia,Reeds,oreedsch@ask.com,Female,55.0.195.135
451,Ludwig,Rodder,lrodderci@businessweek.com,Male,14.20.137.170
452,Sashenka,Fetherston,sfetherstoncj@creativecommons.org,Female,75.54.23.187
453,Maurine,Ruseworth,mruseworthck@diigo.com,Female,194.209.82.89
454,Mellisa,Gowers,mgowerscl@bluehost.com,Female,163.209.238.136
455,Ollie,Spight,ospightcm@umn.edu,Male,166.130.81.51
456,Gianni,Kryzhov,gkryzhovcn@cocolog-nifty.com,Male,210.23.80.128
457,Matthieu,Ganders,mgandersco@a8.net,Non-binary,130.146.92.253
458,Dasie,McMurty,dmcmurtycp@soundcloud.com,Female,53.208.93.131
459,Corbett,Jervois,cjervoiscq@imdb.com,Male,126.20.184.110
460,Mildred,Drain,mdraincr@google.pl,Female,17.50.203.26
461,Lyssa,Fernier,lferniercs@cbsnews.com,Female,104.170.196.136
462,Sonia,Snelson,ssnelsonct@stumbleupon.com,Female,76.157.151.71
463,Forrester,Lydon,flydoncu@cbsnews.com,Male,99.94.117.190
464,Irita,McOwen,imcowencv@bbc.co.uk,Non-binary,94.15.203.170
465,Kristal,Nannetti,knannetticw@cbsnews.com,Female,14.81.20.114
466,Izaak,Clausius,iclausiuscx@woothemes.com,Male,40.74.63.132
467,Lissy,Dun,lduncy@abc.net.au,Female,211.217.23.76
468,Valida,Haswall,vhaswallcz@umn.edu,Female,189.12.141.60
469,Melita,Obington,mobingtond0@vk.com,Female,55.82.184.139
470,Kristal,McQuin,kmcquind1@squidoo.com,Female,216.1.202.74
471,Juliane,Canning,jcanningd2@delicious.com,Agender,211.108.68.97
472,Julina,Friett,jfriettd3@bravesites.com,Female,230.104.141.123
473,Tedi,Powner,tpownerd4@freewebs.com,Genderqueer,30.231.71.29
474,Korella,Smalley,ksmalleyd5@e-recht24.de,Agender,253.204.47.17
475,Orville,Duddell,oduddelld6@indiatimes.com,Male,44.213.187.141
476,Emily,Lude,eluded7@ameblo.jp,Female,235.16.214.101
477,Zack,Cattell,zcattelld8@topsy.com,Male,36.204.192.232
478,Darlleen,Lodge,dlodged9@squarespace.com,Female,37.8.251.82
479,Maddy,Mease,mmeaseda@imgur.com,Agender,246.41.131.50
480,Tanitansy,Milroy,tmilroydb@tinypic.com,Female,145.11.25.38
481,Karlan,Havill,khavilldc@blog.com,Polygender,205.116.197.193
482,Gustaf,Jordison,gjordisondd@taobao.com,Male,151.241.240.128
483,Jaimie,Cordier,jcordierde@xinhuanet.com,Non-binary,195.123.225.124
484,Valry,MacCaughan,vmaccaughandf@go.com,Female,100.173.34.177
485,Adlai,Ungerechts,aungerechtsdg@huffingtonpost.com,Bigender,50.7.104.26
486,Katinka,Albasiny,kalbasinydh@cyberchimps.com,Female,88.65.221.87
487,Corby,Spuner,cspunerdi@businessinsider.com,Male,206.77.181.177
488,Chelsey,Mucillo,cmucillodj@theatlantic.com,Female,209.197.114.244
489,Carling,Jacquot,cjacquotdk@spiegel.de,Male,27.150.52.19
490,Cathee,Smorthwaite,csmorthwaitedl@e-recht24.de,Genderqueer,41.76.89.73
491,Casar,Saffell,csaffelldm@yahoo.com,Male,19.18.241.92
492,Gregoire,Keays,gkeaysdn@java.com,Male,33.45.164.238
493,Gerrie,De Hooch,gdehoochdo@businessweek.com,Male,52.218.17.135
494,Aldwin,Litherborough,alitherboroughdp@hubpages.com,Male,10.250.44.134
495,Berty,Druitt,bdruittdq@gmpg.org,Female,60.112.23.1
496,Deanna,Brinded,dbrindeddr@scribd.com,Female,230.33.42.111
497,Vern,Guilliland,vguillilandds@imageshack.us,Male,90.184.16.210
498,Claudetta,Fomichkin,cfomichkindt@squidoo.com,Female,167.58.239.86
499,Paton,Eichmann,peichmanndu@com.com,Male,154.245.138.147
500,Tim,Scotchbourouge,tscotchbourougedv@yahoo.co.jp,Male,126.137.173.62
501,Shelbi,Gathercoal,sgathercoaldw@deviantart.com,Female,83.2.201.167
502,Trisha,Jirusek,tjirusekdx@umich.edu,Female,158.82.80.1
503,Ravi,Balazot,rbalazotdy@bravesites.com,Male,187.66.71.223
504,Leona,Sommerfeld,lsommerfelddz@youtu.be,Female,214.151.86.58
505,Madison,Mulder,mmuldere0@weibo.com,Male,192.167.23.19
506,Dallon,Hughesdon,dhughesdone1@nydailynews.com,Male,157.6.53.63
507,Janeva,Oldrey,joldreye2@usnews.com,Female,137.230.227.22
508,Linc,Clemendot,lclemendote3@europa.eu,Male,29.56.158.216
509,Stearn,Rayson,sraysone4@cocolog-nifty.com,Male,30.129.78.172
510,Harbert,Ewings,hewingse5@army.mil,Male,22.4.152.61
511,Staford,Boden,sbodene6@issuu.com,Male,229.243.117.91
512,Hastings,Perrycost,hperrycoste7@qq.com,Male,222.82.177.123
513,Keary,Ianinotti,kianinottie8@msn.com,Male,186.8.219.108
514,Kitty,O'Neal,koneale9@spiegel.de,Female,42.12.104.253
515,Vida,Nunnerley,vnunnerleyea@theatlantic.com,Female,206.27.12.220
516,Thaine,Stoner,tstonereb@oakley.com,Male,170.110.13.132
517,Marcellus,Keepence,mkeepenceec@dropbox.com,Non-binary,87.8.230.153
518,Armstrong,Pankettman,apankettmaned@furl.net,Male,49.111.120.76
519,Sid,Quakley,squakleyee@slate.com,Male,53.181.26.222
520,Isacco,Gennerich,igennerichef@forbes.com,Male,106.231.17.128
521,Constantine,Summerill,csummerilleg@4shared.com,Bigender,5.158.67.102
522,Maura,Noquet,mnoqueteh@psu.edu,Female,217.113.90.20
523,Bartholomew,Piser,bpiserei@wordpress.com,Male,6.3.146.78
524,Rolland,Pattullo,rpattulloej@economist.com,Male,205.180.95.34
525,Yvon,Sandal,ysandalek@google.de,Male,43.221.45.254
526,Corene,Yanuk,cyanukel@blog.com,Female,103.226.88.112
527,Kienan,Bogges,kboggesem@tamu.edu,Male,234.232.107.151
528,Rhys,Gorman,rgormanen@google.co.uk,Male,142.160.125.69
529,Randy,Bastiman,rbastimaneo@sakura.ne.jp,Female,90.89.232.127
530,Stormie,Espino,sespinoep@sciencedaily.com,Female,235.218.13.183
531,Gabriello,Semmens,gsemmenseq@bbb.org,Genderfluid,179.85.139.87
532,Waverley,Mc Mechan,wmcmechaner@webeden.co.uk,Male,196.169.242.205
533,Tailor,Berks,tberkses@exblog.jp,Agender,5.39.212.44
534,Neville,McDermott-Row,nmcdermottrowet@rambler.ru,Male,212.224.148.208
535,Amitie,Acarson,aacarsoneu@smugmug.com,Polygender,194.41.159.37
536,Marion,Blanque,mblanqueev@exblog.jp,Male,145.80.105.17
537,Gussie,Ivantsov,givantsovew@ftc.gov,Female,166.139.39.0
538,Harwell,Wenham,hwenhamex@examiner.com,Male,72.141.77.244
539,Steven,Hewlings,shewlingsey@surveymonkey.com,Genderqueer,108.152.181.166
540,Val,Dawidsohn,vdawidsohnez@php.net,Male,144.186.72.8
541,Adaline,Kurdani,akurdanif0@google.com.hk,Female,169.159.0.144
542,Gene,McCorrie,gmccorrief1@si.edu,Male,207.75.215.173
543,Conant,Gaitskell,cgaitskellf2@theguardian.com,Male,8.21.188.221
544,Paulita,Bernardoni,pbernardonif3@whitehouse.gov,Non-binary,47.222.129.233
545,Elliot,Stembridge,estembridgef4@cocolog-nifty.com,Male,125.227.185.108
546,Kizzee,Drever,kdreverf5@slate.com,Female,14.116.198.31
547,Dacia,Sealy,dsealyf6@deviantart.com,Female,83.50.84.46
548,Mathilde,Benwell,mbenwellf7@umich.edu,Female,17.247.33.188
549,Barnaby,Timny,btimnyf8@soundcloud.com,Male,120.54.87.140
550,Jeanelle,Coulthard,jcoulthardf9@goodreads.com,Female,36.165.211.178
551,Helli,Jewster,hjewsterfa@wordpress.org,Genderfluid,160.143.96.229
552,Chris,Iacovozzo,ciacovozzofb@gnu.org,Non-binary,82.58.170.251
553,Marji,Odgaard,modgaardfc@narod.ru,Female,183.23.247.135
554,Elsey,Minihane,eminihanefd@mtv.com,Female,68.13.73.238
555,Mohandas,Osipov,mosipovfe@fc2.com,Male,61.186.181.124
556,Mufi,Heining,mheiningff@flavors.me,Female,217.57.166.61
557,Rudolfo,Beet,rbeetfg@stumbleupon.com,Male,175.24.60.152
558,Elsworth,Bacher,ebacherfh@independent.co.uk,Male,28.135.188.251
559,Amos,Briton,abritonfi@theatlantic.com,Male,48.158.157.179
560,Gabriella,Wavish,gwavishfj@pbs.org,Genderqueer,126.197.87.31
561,Cyrill,Tombs,ctombsfk@ibm.com,Male,239.47.214.246
562,Glen,Spittles,gspittlesfl@wikispaces.com,Male,195.194.69.58
563,Loydie,Cackett,lcackettfm@issuu.com,Male,143.7.86.204
564,Emmalyn,Mander,emanderfn@vk.com,Female,181.226.34.52
565,Gerianna,Dunstone,gdunstonefo@theglobeandmail.com,Female,176.203.72.48
566,Fin,Radnedge,fradnedgefp@seesaa.net,Non-binary,177.82.195.220
567,Carolin,Copyn,ccopynfq@canalblog.com,Female,46.135.41.3
568,Sandye,Pebworth,spebworthfr@cdbaby.com,Female,128.129.92.229
569,Les,Shale,lshalefs@independent.co.uk,Male,247.240.41.172
570,Elyn,Fundell,efundellft@nifty.com,Female,199.208.123.214
571,Bail,Braunfeld,bbraunfeldfu@yelp.com,Male,4.122.252.217
572,Leandra,Simonetto,lsimonettofv@cisco.com,Female,125.105.242.161
573,Leann,Weeke,lweekefw@skyrock.com,Polygender,216.12.105.6
574,Alastair,Wyburn,awyburnfx@miitbeian.gov.cn,Male,95.242.83.90
575,Morgun,Laurentino,mlaurentinofy@moonfruit.com,Male,202.202.236.246
576,Kandy,Glide,kglidefz@cnn.com,Female,76.216.25.126
577,Olav,Bergeon,obergeong0@constantcontact.com,Male,67.106.228.136
578,Vasilis,Rosgen,vrosgeng1@fema.gov,Male,20.241.201.221
579,Hadlee,Cuss,hcussg2@meetup.com,Male,42.228.161.82
580,Bengt,Pallaske,bpallaskeg3@hibu.com,Male,114.254.103.58
581,Oates,Blankhorn,oblankhorng4@seesaa.net,Genderfluid,92.161.150.102
582,Derward,Beernaert,dbeernaertg5@tripod.com,Male,4.235.164.90
583,Wyndham,Balffye,wbalffyeg6@woothemes.com,Male,251.17.139.210
584,Sheilakathryn,Griffoen,sgriffoeng7@slideshare.net,Female,37.47.77.73
585,Concettina,Lundie,clundieg8@ihg.com,Polygender,214.79.190.151
586,Fons,Guntrip,fguntripg9@berkeley.edu,Male,100.236.245.188
587,Florette,Bedwell,fbedwellga@delicious.com,Female,81.103.104.126
588,Lori,Paszak,lpaszakgb@reddit.com,Bigender,67.177.106.39
589,Roth,Bumfrey,rbumfreygc@virginia.edu,Male,135.125.156.142
590,Sunny,Sargerson,ssargersongd@aboutads.info,Male,58.211.200.32
591,Giorgio,Robottham,grobotthamge@washingtonpost.com,Male,87.226.52.127
592,Linus,Steart,lsteartgf@nps.gov,Male,32.212.151.243
593,Una,Spadoni,uspadonigg@usatoday.com,Female,191.194.201.238
594,Mahalia,Futcher,mfutchergh@stanford.edu,Female,230.75.253.226
595,Marybeth,Tring,mtringgi@adobe.com,Female,17.93.130.148
596,Jaquelyn,Peeke-Vout,jpeekevoutgj@privacy.gov.au,Female,130.233.27.161
597,Noah,Herrero,nherrerogk@oracle.com,Non-binary,47.85.30.193
598,Ignacius,Mapson,imapsongl@4shared.com,Male,46.85.255.9
599,Fredia,Starmer,fstarmergm@yellowbook.com,Female,77.215.139.114
600,Burgess,Gerrit,bgerritgn@altervista.org,Male,193.75.52.172
601,Bartram,Chaffer,bchaffergo@theglobeandmail.com,Male,12.31.62.66
602,August,Spaldin,aspaldingp@unicef.org,Male,113.148.254.92
603,Jarred,Ascroft,jascroftgq@merriam-webster.com,Genderfluid,243.130.253.119
604,Verile,Mansion,vmansiongr@google.co.jp,Female,2.220.100.156
605,Lamont,Scourge,lscourgegs@posterous.com,Male,151.244.65.167
606,Morey,Chevis,mchevisgt@gizmodo.com,Male,83.123.63.70
607,Ricca,Donizeau,rdonizeaugu@phpbb.com,Polygender,169.15.197.239
608,Ali,Boumphrey,aboumphreygv@marriott.com,Female,246.208.94.223
609,Aguistin,Assante,aassantegw@who.int,Male,52.112.172.127
610,Layton,Glasspool,lglasspoolgx@wufoo.com,Bigender,60.227.37.30
611,Shaughn,Frensch,sfrenschgy@upenn.edu,Male,93.220.77.6
612,Ronnie,Purvey,rpurveygz@123-reg.co.uk,Male,81.87.43.235
613,Helli,Kubyszek,hkubyszekh0@pbs.org,Female,227.76.239.75
614,Erika,Laffan,elaffanh1@icio.us,Female,197.146.248.131
615,Francoise,Glacken,fglackenh2@shareasale.com,Female,113.175.65.227
616,Marianne,Rymell,mrymellh3@theatlantic.com,Female,31.255.222.205
617,Maribel,Aspden,maspdenh4@1und1.de,Female,242.124.158.38
618,Meagan,Steenson,msteensonh5@independent.co.uk,Polygender,144.237.59.219
619,Ali,Fawltey,afawlteyh6@flickr.com,Male,184.45.226.15
620,Danita,O'Reilly,doreillyh7@t-online.de,Female,196.49.246.129
621,Lauretta,Criag,lcriagh8@fc2.com,Female,206.198.112.83
622,Cami,Sijmons,csijmonsh9@techcrunch.com,Female,8.209.106.35
623,Travus,Moreside,tmoresideha@cnet.com,Agender,148.42.46.65
624,Wally,MacTavish,wmactavishhb@google.co.jp,Male,196.37.74.245
625,Amalea,Allanby,aallanbyhc@hatena.ne.jp,Female,214.39.97.141
626,Ade,Meric,americhd@sciencedirect.com,Non-binary,208.185.184.219
627,Minor,Masey,mmaseyhe@nytimes.com,Male,178.233.252.25
628,Judi,Oldall,joldallhf@theatlantic.com,Female,160.163.40.138
629,Rudie,MacKimm,rmackimmhg@sourceforge.net,Male,149.67.239.136
630,Zed,Sargeaunt,zsargeaunthh@phpbb.com,Male,71.78.120.109
631,Carolynn,Rehn,crehnhi@va.gov,Female,216.35.253.8
632,Moshe,Meysham,mmeyshamhj@wired.com,Male,217.104.89.57
633,Irina,Ekless,ieklesshk@harvard.edu,Female,235.204.182.55
634,Flemming,Oxtaby,foxtabyhl@plala.or.jp,Male,112.246.66.139
635,Adolphus,Oxtaby,aoxtabyhm@canalblog.com,Male,41.34.43.119
636,Sarette,Bains,sbainshn@gov.uk,Female,200.195.160.182
637,Corney,Jiracek,cjiracekho@toplist.cz,Male,205.19.212.19
638,Sibilla,Biskupek,sbiskupekhp@diigo.com,Female,38.208.203.57
639,Carlita,Cotter,ccotterhq@cargocollective.com,Female,57.95.64.96
640,Reamonn,Moultrie,rmoultriehr@businessweek.com,Male,197.204.113.243
641,Ivette,Ashby,iashbyhs@shinystat.com,Female,51.66.194.79
642,Irvine,Stanyard,istanyardht@nytimes.com,Non-binary,199.171.74.43
643,Magdalena,Cakebread,mcakebreadhu@godaddy.com,Female,7.127.125.179
644,Ellen,Whimper,ewhimperhv@sun.com,Female,33.227.127.128
645,Kalvin,Teresi,kteresihw@telegraph.co.uk,Male,250.61.132.101
646,Bax,Elsworth,belsworthhx@omniture.com,Non-binary,113.253.159.10
647,Hamlen,Currin,hcurrinhy@flickr.com,Male,50.41.141.52
648,Erhart,Cottu,ecottuhz@toplist.cz,Male,175.44.56.30
649,Abbot,Eadie,aeadiei0@printfriendly.com,Male,190.34.213.147
650,Archaimbaud,Wakeley,awakeleyi1@pen.io,Male,151.9.251.140
651,Pepita,Moine,pmoinei2@zimbio.com,Female,214.29.222.107
652,Cindi,Swallwell,cswallwelli3@dailymail.co.uk,Female,212.223.142.161
653,Clemmie,McGarrity,cmcgarrityi4@europa.eu,Male,29.111.35.218
654,Rivi,Petrollo,rpetrolloi5@discovery.com,Female,106.63.198.128
655,Martino,McCadden,mmccaddeni6@yahoo.com,Male,200.27.41.175
656,Maximo,Philipet,mphilipeti7@seesaa.net,Male,255.11.168.183
657,Curr,Thurstan,cthurstani8@usgs.gov,Male,11.162.57.18
658,Faythe,Pointer,fpointeri9@privacy.gov.au,Female,238.236.165.218
659,Donnie,Cominello,dcominelloia@51.la,Male,217.187.61.31
660,Pamella,Hawken,phawkenib@liveinternet.ru,Female,170.134.137.159
661,Wald,Cucinotta,wcucinottaic@sogou.com,Male,8.212.141.16
662,Tybie,Lamasna,tlamasnaid@acquirethisname.com,Female,233.103.68.188
663,Mohandis,Halksworth,mhalksworthie@sitemeter.com,Male,154.44.229.200
664,Joelle,Raiston,jraistonif@discuz.net,Female,125.198.244.247
665,Allister,Grayling,agraylingig@diigo.com,Male,14.252.10.166
666,Raf,Vescovo,rvescovoih@arstechnica.com,Female,21.224.213.245
667,Annora,Joselevitz,ajoselevitzii@hp.com,Female,227.211.94.172
668,Lucius,Spillman,lspillmanij@berkeley.edu,Male,175.5.122.41
669,Russ,Dumper,rdumperik@cisco.com,Non-binary,221.205.110.62
670,Chryste,Blaiklock,cblaiklockil@hibu.com,Female,189.83.83.198
671,Ollie,Back,obackim@dropbox.com,Male,142.97.115.129
672,Rodney,Fayter,rfayterin@reverbnation.com,Male,17.105.86.120
673,Lisa,Sever,lseverio@narod.ru,Female,228.59.111.142
674,Rubie,Guiso,rguisoip@msu.edu,Female,181.150.17.136
675,Oralia,Wroath,owroathiq@gnu.org,Female,180.215.10.7
676,Balduin,Albone,balboneir@opera.com,Male,7.249.183.231
677,Rickey,Aloshkin,raloshkinis@independent.co.uk,Bigender,255.220.78.197
678,Alisa,Craik,acraikit@weebly.com,Female,183.19.192.149
679,Base,Cupitt,bcupittiu@java.com,Male,132.203.178.238
680,Jacquelin,Pitceathly,jpitceathlyiv@microsoft.com,Female,226.155.203.41
681,Bryn,Dahlgren,bdahlgreniw@ustream.tv,Genderfluid,44.138.150.234
682,Patsy,Fer,pferix@tumblr.com,Male,235.238.147.199
683,Dacey,O'Hern,doherniy@tripadvisor.com,Female,55.232.160.255
684,Denney,Tearney,dtearneyiz@about.me,Male,238.125.39.252
685,Hartwell,Garrattley,hgarrattleyj0@salon.com,Male,91.67.81.5
686,Jarvis,Looks,jlooksj1@macromedia.com,Male,93.36.12.230
687,Ly,Koppeck,lkoppeckj2@zimbio.com,Male,76.159.82.215
688,Vladimir,Towns,vtownsj3@multiply.com,Male,3.144.145.50
689,Rutledge,Kunkel,rkunkelj4@bloglovin.com,Male,225.49.100.96
690,Elston,Cromer,ecromerj5@artisteer.com,Male,162.47.130.251
691,Cordell,MacCostigan,cmaccostiganj6@ycombinator.com,Agender,201.82.175.50
692,Giff,Tosdevin,gtosdevinj7@japanpost.jp,Male,231.47.134.159
693,Wilmer,Beckerleg,wbeckerlegj8@360.cn,Male,185.225.178.142
694,Andrus,Pettersen,apettersenj9@youtu.be,Male,83.48.194.26
695,Elie,Pretorius,epretoriusja@chron.com,Non-binary,154.40.20.207
696,Reba,Spendlove,rspendlovejb@rakuten.co.jp,Female,69.112.142.35
697,Bel,Opie,bopiejc@nytimes.com,Female,99.173.60.145
698,Anna,Pitney,apitneyjd@seattletimes.com,Female,232.98.130.24
699,Roberta,Limerick,rlimerickje@livejournal.com,Female,12.136.52.108
700,Carmencita,Roughan,croughanjf@abc.net.au,Female,40.73.252.113
701,Eal,Mirando,emirandojg@businessweek.com,Agender,213.43.19.138
702,Alonso,Hebron,ahebronjh@jalbum.net,Male,85.58.63.25
703,Dyanna,holmes,dholmesji@smh.com.au,Female,129.40.161.230
704,Mariska,Statefield,mstatefieldjj@webnode.com,Female,112.168.53.182
705,Zebulen,Haitlie,zhaitliejk@friendfeed.com,Male,212.185.188.123
706,Jarred,Tippler,jtipplerjl@upenn.edu,Male,113.97.28.157
707,Maure,Sidey,msideyjm@list-manage.com,Female,206.118.105.196
708,Roslyn,Zoephel,rzoepheljn@creativecommons.org,Female,41.29.251.183
709,Regen,Cabbell,rcabbelljo@is.gd,Male,35.225.61.222
710,Laure,Scanes,lscanesjp@360.cn,Female,55.130.38.245
711,Ella,Yacobsohn,eyacobsohnjq@zimbio.com,Female,17.185.38.134
712,Abagael,Nelissen,anelissenjr@addtoany.com,Female,64.246.153.24
713,Margaux,Barnsdale,mbarnsdalejs@networksolutions.com,Female,253.197.203.82
714,Julita,Cuerda,jcuerdajt@nature.com,Female,105.164.248.122
715,Dolli,Plunkett,dplunkettju@github.com,Female,203.101.17.110
716,Christyna,Ayshford,cayshfordjv@ibm.com,Genderqueer,179.85.124.24
717,Pearle,Boucher,pboucherjw@unicef.org,Female,238.52.32.251
718,Willi,Rickeard,wrickeardjx@redcross.org,Female,120.16.229.76
719,Cam,Spearman,cspearmanjy@php.net,Male,190.198.36.238
720,Mathilda,Hardie,mhardiejz@liveinternet.ru,Female,213.43.252.69
721,Brian,Ferronet,bferronetk0@ow.ly,Male,206.213.78.216
722,Brandyn,Litchfield,blitchfieldk1@si.edu,Male,128.214.46.33
723,Chris,Cromar,ccromark2@eventbrite.com,Female,53.188.37.70
724,Balduin,Camerati,bcameratik3@theatlantic.com,Male,83.47.46.44
725,Sylvia,Georgescu,sgeorgescuk4@artisteer.com,Polygender,179.177.2.198
726,Catherina,Brittin,cbrittink5@amazon.com,Female,26.182.202.133
727,Klaus,Guidini,kguidinik6@ucsd.edu,Male,21.65.153.93
728,Claudell,Klimus,cklimusk7@blogs.com,Male,213.129.187.208
729,Geri,Allbones,gallbonesk8@deliciousdays.com,Female,220.135.255.17
730,Sissy,Yakubovich,syakubovichk9@uol.com.br,Female,161.0.67.49
731,Ogden,Dell,odellka@boston.com,Male,92.141.174.92
732,Tiphanie,Leedes,tleedeskb@admin.ch,Female,224.24.219.58
733,Kendall,Ortmann,kortmannkc@wp.com,Male,171.234.151.59
734,Gwyn,Worcester,gworcesterkd@nps.gov,Female,210.200.42.159
735,Leola,Wildt,lwildtke@bizjournals.com,Female,5.105.213.90
736,Sherri,D'Ambrosio,sdambrosiokf@nps.gov,Female,73.18.86.173
737,Doloritas,Billison,dbillisonkg@facebook.com,Non-binary,158.213.123.94
738,Gusta,Patise,gpatisekh@friendfeed.com,Female,95.115.116.177
739,Kara-lynn,Streater,kstreaterki@bravesites.com,Female,39.225.31.39
740,Marion,Ollenbuttel,mollenbuttelkj@mail.ru,Male,240.2.136.200
741,Trina,Luther,tlutherkk@noaa.gov,Female,170.149.90.219
742,Reeba,Ryhorovich,rryhorovichkl@topsy.com,Female,237.22.115.244
743,Franklin,Troak,ftroakkm@devhub.com,Male,75.28.205.196
744,Rhodie,Pickworth,rpickworthkn@shareasale.com,Female,124.124.88.12
745,Bowie,Limb,blimbko@lycos.com,Male,238.181.204.136
746,Pavlov,Chaney,pchaneykp@nbcnews.com,Male,68.107.249.38
747,Ertha,Clemente,eclementekq@omniture.com,Genderqueer,9.111.135.19
748,Franchot,Massimi,fmassimikr@yale.edu,Male,156.23.146.153
749,Jackson,Egel,jegelks@slideshare.net,Male,252.200.222.249
750,Bastian,Lammenga,blammengakt@engadget.com,Male,190.22.142.239
751,Lyssa,Warren,lwarrenku@bing.com,Female,226.34.186.190
752,Stepha,Skain,sskainkv@github.com,Female,27.191.124.25
753,Beryle,Davenhill,bdavenhillkw@addthis.com,Female,109.158.182.37
754,Olav,Hein,oheinkx@paginegialle.it,Male,37.133.31.165
755,Barnie,von Grollmann,bvongrollmannky@cnbc.com,Male,74.103.113.195
756,Agosto,Nutley,anutleykz@privacy.gov.au,Male,5.42.253.238
757,Fidole,Jost,fjostl0@google.de,Male,237.235.196.199
758,Cart,Flasby,cflasbyl1@google.it,Male,61.158.203.252
759,Sean,Altimas,saltimasl2@google.com.hk,Male,187.109.175.6
760,Ermentrude,Clemes,eclemesl3@boston.com,Female,252.61.236.12
761,Ede,Chandler,echandlerl4@boston.com,Female,59.251.111.134
762,Roch,Wychard,rwychardl5@harvard.edu,Female,43.196.47.86
763,Kermie,Bednall,kbednalll6@amazon.co.jp,Male,130.179.209.136
764,Skip,Garman,sgarmanl7@simplemachines.org,Male,77.136.23.97
765,Charlotte,Roseman,crosemanl8@hexun.com,Female,202.109.152.127
766,Spike,Louch,slouchl9@prlog.org,Male,29.213.52.88
767,Matty,Geldard,mgeldardla@com.com,Female,207.40.30.161
768,Lidia,Aizikovitz,laizikovitzlb@nih.gov,Female,247.210.118.10
769,Violet,Hukins,vhukinslc@nymag.com,Female,7.174.151.222
770,Eve,Smither,esmitherld@biblegateway.com,Female,23.41.0.215
771,Eliza,Measom,emeasomle@wiley.com,Female,91.165.156.131
772,Pernell,Dowsing,pdowsinglf@wordpress.org,Male,215.235.6.156
773,Rubie,Gaitung,rgaitunglg@storify.com,Female,251.248.61.238
774,Keelia,Sorrie,ksorrielh@1und1.de,Female,26.221.106.75
775,Cleveland,Dunwoody,cdunwoodyli@alibaba.com,Male,115.117.130.109
776,Tyson,Stennings,tstenningslj@phoca.cz,Male,106.177.77.189
777,Klara,Kier,kkierlk@yelp.com,Female,163.91.174.177
778,Tiffy,Malicki,tmalickill@cisco.com,Female,205.185.3.30
779,Zebadiah,O'Dreain,zodreainlm@cdc.gov,Male,117.39.10.54
780,Cherie,Roggeman,croggemanln@senate.gov,Female,94.60.192.211
781,Jillie,Duddridge,jduddridgelo@oaic.gov.au,Female,228.32.221.28
782,Nils,Gamell,ngamelllp@histats.com,Male,92.115.4.65
783,Zechariah,Dannel,zdannellq@facebook.com,Male,94.12.52.124
784,Steffane,Dytham,sdythamlr@google.de,Female,206.22.121.65
785,Chet,Cassey,ccasseyls@merriam-webster.com,Male,252.109.245.26
786,Michell,Sholl,msholllt@apple.com,Female,110.111.81.233
787,Fergus,O'Nolan,fonolanlu@dion.ne.jp,Male,135.133.235.212
788,Sabra,Goeff,sgoefflv@usnews.com,Female,96.87.152.107
789,Chaddie,Gooden,cgoodenlw@exblog.jp,Male,120.193.78.74
790,Nial,Loosmore,nloosmorelx@sohu.com,Male,144.186.233.153
791,Glenda,Slaughter,gslaughterly@oracle.com,Female,224.255.178.221
792,Denny,Yitzhok,dyitzhoklz@goo.gl,Male,151.152.176.239
793,Orelle,Brims,obrimsm0@guardian.co.uk,Female,71.190.102.59
794,Jobey,Cuttler,jcuttlerm1@t-online.de,Female,118.209.172.191
795,Nanci,Birkby,nbirkbym2@usa.gov,Female,225.135.224.13
796,Humfrid,Ovington,hovingtonm3@shareasale.com,Male,214.221.6.159
797,Alfie,Minney,aminneym4@bravesites.com,Female,229.106.92.192
798,Imogene,Najara,inajaram5@sitemeter.com,Female,45.103.233.60
799,Alejandra,Hurrell,ahurrellm6@deviantart.com,Female,249.147.232.61
800,Neala,Miere,nmierem7@chron.com,Female,55.124.67.94
801,Celestia,Saben,csabenm8@newyorker.com,Female,126.112.89.226
802,Marcille,Lawrence,mlawrencem9@cnn.com,Female,75.93.233.42
803,Anneliese,Spensley,aspensleyma@adobe.com,Female,233.55.88.89
804,Karola,Schonfelder,kschonfeldermb@aol.com,Polygender,247.6.60.92
805,Anallise,Hartus,ahartusmc@admin.ch,Female,147.199.31.49
806,Patrice,Taynton,ptayntonmd@usnews.com,Female,173.127.100.0
807,Lockwood,Spybey,lspybeyme@g.co,Male,81.42.160.149
808,Paul,Coward,pcowardmf@redcross.org,Male,111.118.222.71
809,Johnnie,Pidgeley,jpidgeleymg@usa.gov,Male,171.210.101.199
810,Amy,Faucett,afaucettmh@surveymonkey.com,Female,149.48.73.198
811,Shepperd,Ganforthe,sganforthemi@smh.com.au,Male,6.196.218.109
812,Aveline,Maseres,amaseresmj@washingtonpost.com,Female,55.150.94.8
813,Aileen,Podmore,apodmoremk@earthlink.net,Female,66.120.68.139
814,Elnar,Manion,emanionml@hostgator.com,Male,139.135.232.41
815,Tabbatha,Natwick,tnatwickmm@theatlantic.com,Female,62.253.108.25
816,Killie,Ralls,krallsmn@gravatar.com,Male,104.15.199.108
817,Tallou,Curphey,tcurpheymo@webeden.co.uk,Female,118.15.118.145
818,Munroe,Batte,mbattemp@princeton.edu,Male,178.216.225.55
819,Jori,Riccio,jricciomq@prnewswire.com,Female,233.92.198.67
820,Devonne,Bushen,dbushenmr@clickbank.net,Female,187.22.89.26
821,Barbabas,Jaeggi,bjaeggims@stanford.edu,Male,228.142.225.136
822,Venita,Blazynski,vblazynskimt@japanpost.jp,Female,81.238.201.149
823,Danya,Warder,dwardermu@so-net.ne.jp,Agender,14.232.200.178
824,Krishna,Carnock,kcarnockmv@yellowpages.com,Male,44.224.208.239
825,Palmer,Woolatt,pwoolattmw@unc.edu,Male,226.147.75.166
826,Rheba,Shepland,rsheplandmx@indiegogo.com,Female,125.176.141.135
827,Rebe,Kettel,rkettelmy@posterous.com,Female,253.139.237.227
828,Kizzee,Strawbridge,kstrawbridgemz@msu.edu,Female,64.34.208.215
829,Delmer,O'Hederscoll,dohederscolln0@rambler.ru,Male,185.73.27.167
830,Anthiathia,Ilson,ailsonn1@vimeo.com,Female,81.155.151.57
831,Kimmi,Gromley,kgromleyn2@godaddy.com,Female,37.106.7.151
832,Merrel,Rudall,mrudalln3@elegantthemes.com,Male,18.16.187.66
833,Cory,Welbeck,cwelbeckn4@histats.com,Male,46.137.52.237
834,Katharine,Tythacott,ktythacottn5@thetimes.co.uk,Female,117.166.38.182
835,Xenos,Dobie,xdobien6@va.gov,Male,246.176.28.147
836,Garek,Ewington,gewingtonn7@wisc.edu,Male,71.16.195.92
837,Adrea,Meran,amerann8@time.com,Female,230.189.126.105
838,Kristal,Josskoviz,kjosskovizn9@amazonaws.com,Female,251.170.183.141
839,Polly,Whetnell,pwhetnellna@uiuc.edu,Female,210.128.52.184
840,Aloin,Harsnep,aharsnepnb@squarespace.com,Male,88.4.26.117
841,Linc,Futcher,lfutchernc@oracle.com,Male,10.228.30.160
842,Burr,Gillebride,bgillebridend@uiuc.edu,Male,89.56.204.123
843,Rochell,Dillistone,rdillistonene@feedburner.com,Female,161.183.96.54
844,Burr,Kleiner,bkleinernf@google.com.br,Male,17.126.22.2
845,Maximo,Buncom,mbuncomng@altervista.org,Male,30.139.145.29
846,Sela,Jerred,sjerrednh@youtube.com,Female,105.253.145.250
847,Marshal,Manis,mmanisni@upenn.edu,Male,170.192.118.60
848,Rhodie,Wiburn,rwiburnnj@pinterest.com,Agender,222.244.26.4
849,Xenia,Theobalds,xtheobaldsnk@wufoo.com,Female,198.137.203.137
850,Teodorico,Syers,tsyersnl@1688.com,Male,214.58.128.193
851,Far,Tofpik,ftofpiknm@delicious.com,Male,197.244.13.165
852,Edmon,Gaspero,egasperonn@berkeley.edu,Male,193.228.230.48
853,Tobin,Bingham,tbinghamno@oaic.gov.au,Male,11.108.43.188
854,Rorke,Grimsdike,rgrimsdikenp@xrea.com,Male,19.83.241.203
855,Cecil,Mothersole,cmothersolenq@desdev.cn,Non-binary,169.16.28.213
856,Svend,Jelliman,sjellimannr@uiuc.edu,Male,208.210.116.127
857,Lexi,Straughan,lstraughanns@multiply.com,Female,7.226.192.95
858,Aime,Joiris,ajoirisnt@vkontakte.ru,Female,177.132.100.193
859,Luise,Darth,ldarthnu@ihg.com,Female,159.212.84.174
860,Lenee,Mebes,lmebesnv@istockphoto.com,Female,139.194.246.146
861,Eyde,Hazeley,ehazeleynw@ted.com,Female,37.222.97.164
862,Patrizia,Grundell,pgrundellnx@spotify.com,Female,127.2.34.76
863,Lisle,Meeke,lmeekeny@wisc.edu,Male,90.108.205.224
864,Juieta,Riggey,jriggeynz@admin.ch,Female,254.11.179.119
865,Dani,Pavolini,dpavolinio0@senate.gov,Male,89.215.28.31
866,Udale,Letchmore,uletchmoreo1@mapquest.com,Male,139.11.98.75
867,Yorke,Shrieve,yshrieveo2@usgs.gov,Male,227.134.49.252
868,Aubert,Chaves,achaveso3@japanpost.jp,Male,83.41.101.210
869,Nicolea,Skilbeck,nskilbecko4@youku.com,Female,185.226.121.37
870,Shani,Wessell,swessello5@jimdo.com,Female,216.154.96.156
871,Ceil,Titterton,ctittertono6@sciencedirect.com,Female,41.132.102.103
872,Riccardo,Brusle,rbrusleo7@a8.net,Male,61.216.67.16
873,Lewiss,Rowesby,lrowesbyo8@amazonaws.com,Male,59.180.6.120
874,Maure,Grzegorecki,mgrzegoreckio9@diigo.com,Female,215.111.112.247
875,Muffin,Hoggan,mhogganoa@sfgate.com,Male,31.20.100.52
876,Kaiser,Loren,klorenob@newsvine.com,Male,148.165.26.192
877,Derek,Andrieu,dandrieuoc@slate.com,Polygender,190.100.104.254
878,Fidelia,Lexa,flexaod@plala.or.jp,Female,62.84.122.214
879,Wye,Beche,wbecheoe@dell.com,Male,161.208.159.198
880,Nicholle,Rayer,nrayerof@nationalgeographic.com,Female,213.162.139.47
881,Margarette,Carradice,mcarradiceog@devhub.com,Female,41.149.10.29
882,Ramona,Melin,rmelinoh@ocn.ne.jp,Female,7.108.4.119
883,Lucias,Berceros,lbercerosoi@irs.gov,Male,45.72.166.194
884,Jacenta,Lounds,jloundsoj@ucoz.com,Female,8.72.238.63
885,Kinnie,Jurisic,kjurisicok@smugmug.com,Male,78.137.60.165
886,Guthry,Woollhead,gwoollheadol@dyndns.org,Male,63.108.123.70
887,Jordain,Thomann,jthomannom@pinterest.com,Female,53.183.34.26
888,Kylie,McIvor,kmcivoron@weather.com,Male,47.90.75.139
889,Clare,Sonschein,csonscheinoo@t-online.de,Female,54.253.26.214
890,Brett,Croal,bcroalop@storify.com,Male,148.52.205.230
891,Alisun,Brason,abrasonoq@theglobeandmail.com,Female,59.70.254.204
892,Tracey,Cranmore,tcranmoreor@reverbnation.com,Male,140.128.217.20
893,Allie,Hynde,ahyndeos@studiopress.com,Female,189.59.47.108
894,Eddi,Mitton,emittonot@tmall.com,Female,231.36.222.232
895,Arthur,Faudrie,afaudrieou@webnode.com,Male,166.88.210.88
896,Radcliffe,Wherry,rwherryov@youku.com,Male,197.180.102.249
897,Amalee,Ockland,aocklandow@google.it,Female,86.208.11.87
898,Roderich,Sleney,rsleneyox@topsy.com,Male,127.133.225.254
899,Kitti,Flanne,kflanneoy@reddit.com,Female,55.116.123.93
900,Regina,Pyrton,rpyrtonoz@printfriendly.com,Female,139.48.131.132
901,Curtis,Jurasz,cjuraszp0@hhs.gov,Male,253.146.14.116
902,Emanuel,Dinwoodie,edinwoodiep1@unicef.org,Male,190.133.161.72
903,Konstanze,Pearman,kpearmanp2@google.com.au,Female,56.141.103.146
904,Jilly,Barwell,jbarwellp3@behance.net,Female,132.158.73.1
905,Reina,Munsey,rmunseyp4@ezinearticles.com,Female,21.194.43.101
906,Humfrey,Tregoning,htregoningp5@disqus.com,Male,61.90.137.241
907,Tamar,Chalcraft,tchalcraftp6@census.gov,Female,105.4.151.17
908,Beatrix,Sibbet,bsibbetp7@sakura.ne.jp,Female,229.99.177.13
909,Jemmy,Hinks,jhinksp8@vinaora.com,Female,76.15.180.193
910,Efrem,Filippone,efilipponep9@pen.io,Male,241.232.22.170
911,Elia,Jent,ejentpa@archive.org,Male,235.163.226.162
912,Orion,Lonie,oloniepb@pen.io,Male,223.207.198.36
913,Orson,Jedrych,ojedrychpc@addthis.com,Male,129.252.28.116
914,Casar,Santos,csantospd@elegantthemes.com,Male,255.167.193.210
915,Orrin,Brittles,obrittlespe@diigo.com,Male,178.73.28.205
916,Corri,Roblett,croblettpf@mit.edu,Female,143.159.11.220
917,Buddie,Maskrey,bmaskreypg@addtoany.com,Male,135.31.55.68
918,Ileana,Aylward,iaylwardph@telegraph.co.uk,Female,49.21.132.109
919,Teddy,Harome,tharomepi@timesonline.co.uk,Female,73.240.157.222
920,Nikolaus,Nicholl,nnichollpj@jigsy.com,Male,245.6.124.135
921,Jessalyn,Webland,jweblandpk@google.fr,Female,82.134.94.235
922,Cameron,Grene,cgrenepl@list-manage.com,Male,186.35.185.106
923,Charmine,Amy,camypm@jiathis.com,Female,61.194.116.68
924,Kirbee,Haruard,kharuardpn@pbs.org,Female,21.42.63.143
925,Shaylynn,Wink,swinkpo@booking.com,Female,137.142.70.61
926,Ramsey,Village,rvillagepp@arstechnica.com,Male,106.101.107.162
927,Rana,Cossans,rcossanspq@cdbaby.com,Female,117.85.65.105
928,Florentia,Hailes,fhailespr@ezinearticles.com,Female,67.75.66.196
929,Libbey,Salling,lsallingps@slideshare.net,Female,230.202.20.250
930,Madelaine,Alam,malampt@sfgate.com,Non-binary,115.253.112.58
931,Corabella,Blasing,cblasingpu@abc.net.au,Female,189.233.38.89
932,Valentin,Baseley,vbaseleypv@wordpress.org,Male,1.234.219.254
933,Reeva,Wildbore,rwildborepw@goo.ne.jp,Female,39.104.223.193
934,Any,Henker,ahenkerpx@xing.com,Male,20.181.127.174
935,Vilhelmina,Chater,vchaterpy@jigsy.com,Female,98.5.107.97
936,Eduino,Wilcocks,ewilcockspz@marriott.com,Male,114.220.192.74
937,Tildie,Estabrook,testabrookq0@privacy.gov.au,Genderqueer,76.91.89.3
938,Darelle,Weadick,dweadickq1@stumbleupon.com,Female,223.176.58.76
939,Bianka,Morot,bmorotq2@google.ru,Agender,194.120.118.183
940,Richie,Melendez,rmelendezq3@house.gov,Male,137.112.213.44
941,Susanetta,Finneran,sfinneranq4@state.gov,Female,61.76.58.139
942,Dale,Jeanesson,djeanessonq5@desdev.cn,Female,76.45.43.184
943,Gordan,Sorbey,gsorbeyq6@statcounter.com,Male,144.112.41.145
944,Annadiana,Swede,aswedeq7@mediafire.com,Agender,255.72.25.204
945,Edithe,Neeve,eneeveq8@microsoft.com,Genderfluid,119.44.73.138
946,Lanie,Louthe,lloutheq9@weibo.com,Male,254.88.58.246
947,Darrick,Farrow,dfarrowqa@liveinternet.ru,Male,159.194.128.249
948,Demetris,Spenceley,dspenceleyqb@shutterfly.com,Male,170.150.65.195
949,Caren,Tebboth,ctebbothqc@wikispaces.com,Female,72.30.137.192
950,Melisenda,Hayward,mhaywardqd@wp.com,Female,107.19.85.113
951,Eimile,Stannislawski,estannislawskiqe@arizona.edu,Female,45.61.24.93
952,Arleen,Waterhouse,awaterhouseqf@marketwatch.com,Female,102.167.4.191
953,Ogdon,Wakley,owakleyqg@google.pl,Male,75.241.70.63
954,Shaine,Stancliffe,sstancliffeqh@reverbnation.com,Male,240.196.153.145
955,Adena,O'Glassane,aoglassaneqi@amazon.com,Bigender,26.102.223.249
956,Zarah,Brasier,zbrasierqj@moonfruit.com,Female,185.83.141.251
957,Padriac,Bottrell,pbottrellqk@springer.com,Male,135.91.159.32
958,Mandie,Jeroch,mjerochql@pagesperso-orange.fr,Female,61.192.21.107
959,Rutledge,Petrescu,rpetrescuqm@etsy.com,Male,42.121.191.27
960,Ally,Neeves,aneevesqn@usnews.com,Genderqueer,155.80.124.192
961,Eirena,Gadault,egadaultqo@umn.edu,Female,45.128.138.136
962,Holly,Chaldecott,hchaldecottqp@ted.com,Female,103.158.84.167
963,Cody,MacDonagh,cmacdonaghqq@godaddy.com,Female,226.131.86.253
964,Hilario,McCaughey,hmccaugheyqr@hibu.com,Male,25.236.137.156
965,Antonietta,Jeanel,ajeanelqs@oakley.com,Female,200.49.206.237
966,Gibb,Jacqueminet,gjacqueminetqt@google.nl,Genderqueer,186.21.138.76
967,Lukas,Cawston,lcawstonqu@skyrock.com,Male,34.196.33.139
968,Lilllie,Frobisher,lfrobisherqv@ted.com,Female,176.90.184.94
969,Elisabet,Dighton,edightonqw@vimeo.com,Female,202.168.58.112
970,Carlotta,Draaisma,cdraaismaqx@youtube.com,Female,106.234.79.188
971,Barrett,Perford,bperfordqy@parallels.com,Male,39.0.49.6
972,Liv,Barstock,lbarstockqz@msu.edu,Female,196.36.52.95
973,Jamie,Langhorn,jlanghornr0@phoca.cz,Male,247.20.168.153
974,Vivyan,Frift,vfriftr1@istockphoto.com,Genderqueer,214.253.142.130
975,Shae,Chardin,schardinr2@guardian.co.uk,Male,12.76.119.16
976,Sam,Kenneway,skennewayr3@arstechnica.com,Male,172.48.255.140
977,Monti,Cranmore,mcranmorer4@globo.com,Male,190.59.122.208
978,Tom,Simonato,tsimonator5@seattletimes.com,Genderfluid,110.174.160.67
979,Brien,Mathers,bmathersr6@youtube.com,Male,247.162.140.51
980,Lanny,Hawtrey,lhawtreyr7@rakuten.co.jp,Male,89.31.203.76
981,Drake,Roskruge,droskruger8@shop-pro.jp,Male,243.148.132.117
982,Bay,Uccelli,buccellir9@is.gd,Male,98.66.208.98
983,Sabine,Jakubovitch,sjakubovitchra@msu.edu,Female,233.244.43.213
984,Sherm,Cristol,scristolrb@so-net.ne.jp,Male,235.65.38.14
985,Christophe,Rennard,crennardrc@aol.com,Male,137.188.66.140
986,Tamar,Braybrooke,tbraybrookerd@tinypic.com,Female,187.153.186.105
987,Guillaume,Bragginton,gbraggintonre@imgur.com,Male,152.238.2.245
988,Reinhold,Blincko,rblinckorf@youtube.com,Male,15.167.86.163
989,Karoly,Cockshutt,kcockshuttrg@earthlink.net,Male,127.55.147.230
990,Luelle,Camelli,lcamellirh@nba.com,Female,119.202.210.116
991,Gilburt,Turn,gturnri@sfgate.com,Bigender,104.99.132.215
992,Cecilius,Bryce,cbrycerj@mozilla.com,Male,194.67.27.106
993,Karlee,Gerrey,kgerreyrk@deviantart.com,Female,16.5.132.208
994,Fairfax,Petford,fpetfordrl@scribd.com,Male,177.62.180.11
995,Murdock,Philbrook,mphilbrookrm@google.nl,Male,232.54.122.48
996,Germaine,Kolakowski,gkolakowskirn@nymag.com,Male,30.106.106.157
997,Reade,Slisby,rslisbyro@boston.com,Male,178.13.145.92
998,Binky,Cranke,bcrankerp@liveinternet.ru,Male,175.189.10.22
999,Ewan,Buxcy,ebuxcyrq@seesaa.net,Male,142.135.72.145
1000,Brigida,Roberds,broberdsrr@youtu.be,Female,37.255.27.110
