id,first_name,last_name,email,gender,ip_address,country,price_paid,tax
1,Webb,Martinovsky,wmartinovsky0@histats.com,Male,178.47.101.211,Mongolia,$92.75,35
2,Andriana,Ahearne,aahearne1@istockphoto.com,Female,167.36.26.82,Ecuador,$86.32,31
3,Delores,Cowgill,dcowgill2@meetup.com,Female,19.66.224.24,Kenya,$23.90,66
4,Meridel,Carette,mcarette3@rambler.ru,Female,119.177.157.53,South Africa,$14.90,59
5,Briney,Leadbitter,bleadbitter4@cocolog-nifty.com,Female,242.77.205.230,Kyrgyzstan,$14.54,85
6,Robbyn,Galliard,rgalliard5@ucoz.ru,Female,71.184.138.109,Philippines,$50.82,15
7,Lesli,Geke,lgeke6@stumbleupon.com,Female,132.7.143.33,Thailand,$6.08,15
8,Oralla,Caruth,ocaruth7@newsvine.com,Female,226.44.207.100,Indonesia,$80.15,46
9,Berri,Kornas,bkornas8@cam.ac.uk,Female,56.196.198.91,China,$30.25,96
10,Gwennie,Flucker,gflucker9@washington.edu,Female,165.11.4.35,China,$33.98,9
11,Townie,Cordall,tcordalla@cyberchimps.com,Male,28.214.247.36,Poland,$79.03,49
12,Renato,Rosengarten,rrosengartenb@comcast.net,Male,95.166.230.190,France,$76.24,16
13,Ronnica,Callar,rcallarc@goo.gl,Non-binary,215.67.145.212,United States,$82.27,98
14,Alyse,Chesterman,achestermand@virginia.edu,Female,71.34.92.17,Portugal,$52.29,26
15,Kris,Yurevich,kyureviche@prweb.com,Male,34.183.231.61,Brazil,$94.79,17
16,Chantal,Arnaez,carnaezf@archive.org,Female,242.51.165.54,China,$54.28,55
17,Henri,Warret,hwarretg@reddit.com,Male,178.99.209.110,Philippines,$0.98,100
18,Torr,Mawditt,tmawditth@amazonaws.com,Male,166.228.224.119,China,$96.48,69
19,Cam,Jee,cjeei@miitbeian.gov.cn,Male,88.200.225.185,Brazil,$69.19,73
20,Jose,Sennett,jsennettj@comcast.net,Male,51.19.52.13,Indonesia,$16.21,91
21,Maje,Dufty,mduftyk@spiegel.de,Male,252.151.233.106,France,$49.83,93
22,Mart,Wagenen,mwagenenl@go.com,Male,91.41.13.190,Indonesia,$36.16,43
23,Shea,Southey,ssoutheym@ocn.ne.jp,Male,50.87.52.3,Poland,$25.65,59
24,Curry,Shutte,cshutten@dagondesign.com,Male,70.13.8.139,China,$71.46,42
25,Flore,Lindores,flindoreso@miibeian.gov.cn,Female,252.255.10.43,Indonesia,$82.44,6
26,Ivor,Custed,icustedp@nasa.gov,Male,151.32.93.35,Estonia,$44.22,85
27,Georgeanna,Spuner,gspunerq@instagram.com,Female,196.243.31.85,Indonesia,$81.03,63
28,Clerkclaude,Slowey,csloweyr@clickbank.net,Male,88.107.218.232,Palestinian Territory,$26.89,85
29,Evita,Klimkiewich,eklimkiewichs@tuttocitta.it,Female,186.102.48.104,Sweden,$83.92,99
30,Matt,Sumpton,msumptont@mozilla.com,Male,32.120.213.24,Kazakhstan,$54.91,83
31,Merola,Umbers,mumbersu@fc2.com,Female,64.82.92.13,Ireland,$43.23,69
32,Bennett,Godsell,bgodsellv@weibo.com,Male,173.46.200.237,Vietnam,$58.74,66
33,Bennett,Peppin,bpeppinw@shop-pro.jp,Male,236.169.233.32,Poland,$29.78,70
34,Iain,Bassom,ibassomx@usa.gov,Male,247.55.94.219,Dominican Republic,$66.27,57
35,Harmony,Agate,hagatey@dion.ne.jp,Female,182.89.131.131,Brazil,$39.82,13
36,Adelle,Dandie,adandiez@amazon.co.uk,Female,169.210.182.242,Croatia,$50.54,21
37,Viva,Bohler,vbohler10@clickbank.net,Female,187.204.218.107,Malaysia,$8.31,66
38,Cheryl,Eixenberger,ceixenberger11@symantec.com,Female,186.193.155.230,Indonesia,$51.38,18
39,Letti,Braunthal,lbraunthal12@skyrock.com,Female,229.180.178.157,Madagascar,$34.91,51
40,Worthington,Folini,wfolini13@list-manage.com,Male,168.242.112.13,Azerbaijan,$28.32,3
41,Murvyn,Seneschal,mseneschal14@adobe.com,Male,201.147.172.28,Philippines,$92.62,45
42,Taffy,Trase,ttrase15@jigsy.com,Female,52.182.198.87,Sweden,$11.57,42
43,Keary,Covendon,kcovendon16@java.com,Male,236.92.169.240,Cuba,$58.89,97
44,Trixy,Cassy,tcassy17@umich.edu,Female,120.30.102.159,China,$90.88,85
45,Luciano,Penhallurick,lpenhallurick18@pen.io,Male,246.60.4.245,Senegal,$95.97,2
46,Taffy,Gniewosz,tgniewosz19@pbs.org,Female,118.6.110.183,Portugal,$9.31,19
47,Brody,MacQueen,bmacqueen1a@oaic.gov.au,Male,58.45.66.75,China,$97.73,99
48,Dodi,Winsiowiecki,dwinsiowiecki1b@house.gov,Female,26.12.162.114,Indonesia,$64.23,33
49,Jonis,Giacubbo,jgiacubbo1c@berkeley.edu,Female,74.17.238.244,France,$68.36,60
50,Gonzalo,Haxley,ghaxley1d@goodreads.com,Male,156.103.89.120,Canada,$88.06,49
51,Roshelle,Baynes,rbaynes1e@surveymonkey.com,Female,64.101.45.230,China,$73.36,68
52,Ibby,Gripton,igripton1f@princeton.edu,Female,32.159.116.232,Cambodia,$5.93,75
53,Renard,Lifsey,rlifsey1g@usatoday.com,Male,129.37.93.58,Portugal,$5.61,57
54,Lombard,Emsden,lemsden1h@google.es,Male,139.229.193.248,Israel,$97.59,16
55,Briano,Moppett,bmoppett1i@nsw.gov.au,Bigender,149.74.144.35,Sudan,$48.55,71
56,Ursuline,Eloy,ueloy1j@ustream.tv,Female,72.121.216.197,Canada,$59.96,4
57,Federica,Josskoviz,fjosskoviz1k@sun.com,Female,200.18.41.120,Poland,$0.37,21
58,Christabel,Bergeau,cbergeau1l@howstuffworks.com,Female,54.210.216.192,Japan,$54.74,62
59,Armand,Marron,amarron1m@ehow.com,Male,173.8.182.24,China,$85.71,15
60,August,Letts,aletts1n@ning.com,Male,255.38.8.178,Uzbekistan,$65.94,57
61,Lauritz,Pedrocchi,lpedrocchi1o@altervista.org,Male,151.236.48.8,Ukraine,$66.00,21
62,Rhetta,Wollacott,rwollacott1p@123-reg.co.uk,Female,233.61.224.81,Indonesia,$57.35,69
63,Denney,Gianilli,dgianilli1q@economist.com,Male,59.89.203.145,Brazil,$37.56,83
64,Kale,Fowle,kfowle1r@berkeley.edu,Male,90.113.133.56,Argentina,$73.79,24
65,Griffith,Winyard,gwinyard1s@liveinternet.ru,Male,168.89.75.184,China,$67.99,84
66,Tripp,Costley,tcostley1t@angelfire.com,Male,44.237.23.96,Sweden,$95.03,61
67,Abel,Braisted,abraisted1u@dailymail.co.uk,Male,167.113.205.21,Estonia,$83.19,65
68,Maure,Connachan,mconnachan1v@xrea.com,Female,218.177.83.81,Poland,$73.90,90
69,Candie,Dandy,cdandy1w@archive.org,Female,255.245.233.138,Uganda,$90.60,87
70,Jilleen,Pelchat,jpelchat1x@histats.com,Female,158.138.137.249,China,$37.29,79
71,Garth,Steynor,gsteynor1y@google.it,Male,44.114.240.240,Philippines,$78.67,33
72,Ursala,Clemoes,uclemoes1z@japanpost.jp,Female,201.170.172.27,Czech Republic,$29.72,73
73,Neila,Doulden,ndoulden20@seesaa.net,Female,171.205.108.35,Israel,$86.33,60
74,Kamilah,Christofor,kchristofor21@1688.com,Female,156.165.102.75,China,$6.18,81
75,Lombard,Haliburn,lhaliburn22@latimes.com,Male,100.69.234.97,Canada,$39.16,3
76,Lucille,Lovitt,llovitt23@fastcompany.com,Female,0.110.185.74,Myanmar,$13.45,76
77,Hank,Savary,hsavary24@paypal.com,Male,92.3.206.83,Philippines,$40.43,1
78,Everard,Bladesmith,ebladesmith25@google.com.hk,Genderfluid,199.57.0.124,Russia,$11.50,38
79,Roger,Sleney,rsleney26@va.gov,Male,196.99.172.7,China,$24.04,33
80,Derril,Grandison,dgrandison27@dot.gov,Male,26.171.187.180,Czech Republic,$13.16,78
81,Aguie,Egerton,aegerton28@abc.net.au,Male,169.35.126.103,Croatia,$98.66,49
82,Christen,Gritskov,cgritskov29@csmonitor.com,Non-binary,30.213.47.166,China,$15.37,89
83,Addie,Ingraham,aingraham2a@wikispaces.com,Female,168.227.109.126,Poland,$71.45,22
84,Liuka,Congreve,lcongreve2b@feedburner.com,Female,181.177.173.244,Germany,$86.90,95
85,Filip,Berthomieu,fberthomieu2c@storify.com,Male,144.67.7.219,Uzbekistan,$25.47,38
86,Virginie,Selwood,vselwood2d@alibaba.com,Female,169.166.98.242,Czech Republic,$67.71,98
87,Alanah,Castiello,acastiello2e@quantcast.com,Female,237.117.119.70,Indonesia,$32.52,39
88,Chanda,O'Hara,cohara2f@deviantart.com,Female,119.2.190.83,Poland,$98.00,16
89,Kayne,Koopman,kkoopman2g@smugmug.com,Polygender,212.98.166.61,Ukraine,$45.68,3
90,Ivory,Toy,itoy2h@washington.edu,Female,243.100.157.156,Brazil,$28.44,35
91,Emmanuel,Strase,estrase2i@cyberchimps.com,Male,57.40.86.3,China,$36.01,95
92,Amble,Kleehuhler,akleehuhler2j@ted.com,Male,249.117.254.113,China,$37.95,40
93,Berri,Redferne,bredferne2k@github.com,Female,228.142.237.152,Philippines,$30.00,35
94,Rutledge,O' Liddy,roliddy2l@studiopress.com,Male,0.136.58.205,China,$38.37,63
95,Laura,Coopey,lcoopey2m@diigo.com,Female,50.254.3.79,Indonesia,$99.34,59
96,Yehudit,Joder,yjoder2n@va.gov,Male,138.7.80.245,Indonesia,$51.61,76
97,Ellissa,Jelk,ejelk2o@twitpic.com,Female,176.146.250.214,Argentina,$1.46,49
98,Kati,Boyles,kboyles2p@reddit.com,Female,164.175.44.225,France,$97.37,6
99,Celene,Jeffrey,cjeffrey2q@timesonline.co.uk,Female,119.70.105.86,Indonesia,$93.39,62
100,Selena,Paule,spaule2r@bloglines.com,Agender,115.63.91.108,Cambodia,$24.67,82
101,Percival,Boyer,pboyer2s@globo.com,Male,200.179.196.42,Russia,$80.99,8
102,Chelsae,Beston,cbeston2t@google.com,Female,238.192.237.60,Yemen,$12.33,3
103,Norris,Drinkwater,ndrinkwater2u@mediafire.com,Male,227.67.66.252,China,$53.25,17
104,Brucie,Petruszka,bpetruszka2v@msu.edu,Non-binary,42.73.187.61,Tunisia,$99.81,40
105,Nico,Chaffin,nchaffin2w@webeden.co.uk,Male,77.153.94.141,Ukraine,$93.16,51
106,Damien,Langridge,dlangridge2x@yellowbook.com,Male,255.202.216.167,China,$94.50,58
107,Nerta,MacAndreis,nmacandreis2y@ucsd.edu,Female,103.68.178.243,Indonesia,$39.22,52
108,Florina,Boyford,fboyford2z@is.gd,Female,7.218.195.255,Argentina,$76.28,9
109,Fredrick,Bosomworth,fbosomworth30@springer.com,Male,137.115.104.160,China,$65.53,72
110,Shelia,Jurgen,sjurgen31@cornell.edu,Female,243.80.155.76,Italy,$11.00,79
111,Lyon,Renney,lrenney32@weebly.com,Male,157.77.99.175,China,$60.14,10
112,Osborn,Barizeret,obarizeret33@nydailynews.com,Male,136.63.237.123,France,$21.02,2
113,Normy,Dargue,ndargue34@nsw.gov.au,Male,138.110.106.2,Indonesia,$40.25,52
114,Olivero,Matelaitis,omatelaitis35@flavors.me,Male,5.187.110.40,China,$22.03,91
115,Saraann,Jahnke,sjahnke36@npr.org,Female,73.159.236.140,Sweden,$18.50,75
116,Erny,Rizzotto,erizzotto37@auda.org.au,Male,16.176.88.170,Argentina,$55.50,21
117,Giavani,Woodson,gwoodson38@weibo.com,Male,175.110.248.112,Honduras,$90.23,55
118,Kirby,Routley,kroutley39@amazon.co.uk,Female,14.137.145.200,Libya,$31.99,42
119,Terrance,Gyorffy,tgyorffy3a@google.ca,Male,82.64.12.18,Indonesia,$2.90,22
120,Nathanil,Oakly,noakly3b@angelfire.com,Male,175.202.220.17,Colombia,$42.89,90
121,Yanaton,Behne,ybehne3c@moonfruit.com,Male,116.84.86.123,Philippines,$33.78,73
122,Knox,Minor,kminor3d@last.fm,Male,112.78.233.86,Malaysia,$63.29,18
123,Margalo,Berger,mberger3e@weebly.com,Female,226.158.176.19,Nicaragua,$55.03,40
124,Alejoa,Casiroli,acasiroli3f@craigslist.org,Male,45.216.203.187,Nicaragua,$73.33,17
125,Graig,Killingbeck,gkillingbeck3g@digg.com,Male,96.105.230.206,Philippines,$93.87,42
126,Darline,Seth,dseth3h@amazonaws.com,Female,6.89.219.87,Palestinian Territory,$58.61,4
127,Eziechiele,Scoates,escoates3i@usatoday.com,Male,225.232.101.194,Republic of the Congo,$97.13,7
128,Omero,Castleton,ocastleton3j@army.mil,Male,36.106.71.10,China,$52.77,76
129,Karina,Robbeke,krobbeke3k@sakura.ne.jp,Female,239.165.247.77,China,$21.01,39
130,Marena,Kemitt,mkemitt3l@t-online.de,Female,36.240.135.204,Peru,$30.42,66
131,Marguerite,McAlister,mmcalister3m@amazonaws.com,Female,111.23.11.248,China,$19.32,51
132,Claribel,Muncey,cmuncey3n@state.tx.us,Agender,161.129.105.221,Palau,$51.74,27
133,Tate,Leggis,tleggis3o@meetup.com,Female,153.155.51.253,China,$75.40,21
134,Viviene,Alessandretti,valessandretti3p@uol.com.br,Female,1.182.167.91,Greece,$49.95,88
135,Drona,Slide,dslide3q@dailymotion.com,Bigender,140.170.80.134,Poland,$80.73,18
136,Trude,Thomton,tthomton3r@netlog.com,Non-binary,206.253.116.233,Hungary,$34.88,1
137,Leslie,Fitzjohn,lfitzjohn3s@cdc.gov,Male,201.226.243.46,Thailand,$37.57,52
138,Andrus,Sawden,asawden3t@miitbeian.gov.cn,Male,44.173.106.132,Nigeria,$59.37,52
139,Scot,Fruin,sfruin3u@printfriendly.com,Male,186.8.56.41,Canada,$72.29,55
140,Maren,Bavester,mbavester3v@intel.com,Female,15.203.226.138,Portugal,$10.99,32
141,Zia,Reith,zreith3w@narod.ru,Female,106.47.105.92,Philippines,$50.04,14
142,Glenna,Hostan,ghostan3x@prweb.com,Female,27.62.41.150,Philippines,$10.80,35
143,Monah,Bubear,mbubear3y@cdbaby.com,Female,243.150.103.164,China,$68.85,48
144,Olenolin,Coggill,ocoggill3z@go.com,Male,87.231.175.39,Zimbabwe,$80.31,39
145,Elke,Ridehalgh,eridehalgh40@economist.com,Genderqueer,32.67.20.116,France,$88.86,16
146,Vaughan,Gowland,vgowland41@berkeley.edu,Polygender,153.13.148.66,China,$34.91,1
147,Leontyne,Harradence,lharradence42@friendfeed.com,Female,64.117.69.171,Philippines,$81.08,38
148,Lyssa,Edgson,ledgson43@cdbaby.com,Female,170.253.86.191,Poland,$40.85,46
149,Feodora,Mathan,fmathan44@pcworld.com,Female,122.61.101.208,Portugal,$3.53,24
150,Sidonnie,Meffin,smeffin45@creativecommons.org,Female,222.67.107.114,Brazil,$80.32,92
151,Casey,Feldmus,cfeldmus46@barnesandnoble.com,Male,170.10.43.3,Indonesia,$36.03,61
152,Sayre,Braham,sbraham47@apache.org,Female,202.75.181.186,Philippines,$50.87,66
153,Udale,Caveill,ucaveill48@amazon.co.uk,Male,4.4.3.0,China,$52.21,73
154,Doralia,Gamwell,dgamwell49@alexa.com,Female,203.152.20.144,Philippines,$86.92,16
155,Tabby,Rawll,trawll4a@msu.edu,Male,209.67.71.249,Indonesia,$54.46,94
156,Kayle,Fogarty,kfogarty4b@mozilla.com,Female,176.128.110.20,China,$92.75,26
157,Camala,Loosley,cloosley4c@ning.com,Female,94.140.189.60,Panama,$18.84,46
158,Albrecht,De Nisco,adenisco4d@technorati.com,Male,226.176.82.144,Indonesia,$29.50,22
159,Carma,Azam,cazam4e@blogs.com,Female,169.130.72.4,Greece,$28.35,39
160,Diannne,Bowering,dbowering4f@china.com.cn,Female,71.113.235.133,Indonesia,$87.78,94
161,Eal,Franceschi,efranceschi4g@springer.com,Male,18.86.19.175,China,$5.05,19
162,Boy,Ranson,branson4h@wix.com,Agender,159.22.160.45,China,$19.69,86
163,Arielle,Runsey,arunsey4i@homestead.com,Female,204.158.192.218,France,$50.92,93
164,Karin,Fishlee,kfishlee4j@msn.com,Female,128.43.248.101,Indonesia,$4.55,80
165,Kerwinn,Baigent,kbaigent4k@ovh.net,Male,100.153.92.34,Poland,$93.98,46
166,Vivie,Bernette,vbernette4l@home.pl,Female,166.77.108.113,Poland,$7.28,85
167,Elita,Fitzhenry,efitzhenry4m@go.com,Female,56.68.181.118,Philippines,$44.51,62
168,Wilek,Lawrinson,wlawrinson4n@time.com,Male,218.169.97.242,Netherlands,$15.43,80
169,Marie,Callacher,mcallacher4o@forbes.com,Female,33.125.134.54,Portugal,$66.62,2
170,Max,Wallbrook,mwallbrook4p@howstuffworks.com,Female,49.186.134.104,China,$4.49,64
171,Husain,Murdoch,hmurdoch4q@cbsnews.com,Male,115.153.213.139,Armenia,$51.29,90
172,Baron,Thies,bthies4r@twitter.com,Bigender,227.15.95.210,Russia,$63.17,85
173,Cicily,Lepick,clepick4s@ocn.ne.jp,Non-binary,147.209.14.178,China,$8.38,83
174,Rayner,Dewicke,rdewicke4t@unicef.org,Male,116.122.216.140,Ukraine,$2.64,76
175,Rivkah,Mackleden,rmackleden4u@skyrock.com,Female,249.67.220.146,Serbia,$79.05,87
176,Kerri,Blum,kblum4v@yahoo.co.jp,Female,43.249.151.196,Japan,$40.87,29
177,Verge,Ensor,vensor4w@usda.gov,Male,115.157.220.35,Sweden,$61.90,49
178,Camilla,Hazlewood,chazlewood4x@fastcompany.com,Female,144.32.184.208,Canada,$72.63,56
179,Faina,Dumblton,fdumblton4y@amazon.co.uk,Female,120.14.252.64,Philippines,$66.59,92
180,Genna,Wybourne,gwybourne4z@networksolutions.com,Female,34.81.214.99,Indonesia,$31.39,18
181,Shurlock,O'Corrane,socorrane50@jiathis.com,Male,230.110.238.177,Indonesia,$78.88,85
182,Lesley,Chaudhry,lchaudhry51@time.com,Female,206.27.213.188,Brazil,$84.90,96
183,Melloney,Lanon,mlanon52@usgs.gov,Female,63.220.206.82,Madagascar,$21.33,49
184,Shadow,Mardy,smardy53@typepad.com,Male,124.246.99.87,Taiwan,$80.39,68
185,Adoree,Medhurst,amedhurst54@altervista.org,Non-binary,28.221.108.30,Indonesia,$72.71,52
186,Dennison,Hardware,dhardware55@oaic.gov.au,Male,250.32.14.20,France,$6.07,11
187,Shayla,Arkin,sarkin56@globo.com,Female,186.171.55.208,Colombia,$60.17,26
188,Raoul,Sawrey,rsawrey57@cdbaby.com,Male,52.171.150.20,Philippines,$94.98,52
189,Nicolina,Forsdyke,nforsdyke58@noaa.gov,Female,120.255.112.43,Netherlands,$73.90,23
190,Margaret,Inkster,minkster59@statcounter.com,Female,189.107.155.29,Indonesia,$16.64,43
191,Phylys,Roney,proney5a@digg.com,Female,4.170.250.133,Brazil,$81.23,71
192,Gwennie,Cluatt,gcluatt5b@yahoo.com,Female,151.247.190.37,Croatia,$57.56,49
193,Sibyl,Asbrey,sasbrey5c@ed.gov,Female,213.62.177.245,Philippines,$32.26,6
194,Hillier,Mabley,hmabley5d@hao123.com,Male,73.183.180.251,China,$52.46,15
195,Becca,Milazzo,bmilazzo5e@ask.com,Female,182.114.168.14,Japan,$28.28,16
196,Jasmina,Parrett,jparrett5f@ihg.com,Female,51.233.14.211,China,$1.69,50
197,Alissa,Jenkins,ajenkins5g@wordpress.com,Female,182.59.71.26,Indonesia,$48.71,61
198,Persis,Creaney,pcreaney5h@ucsd.edu,Agender,218.198.9.33,Ivory Coast,$40.06,25
199,Tedra,Comizzoli,tcomizzoli5i@sciencedirect.com,Female,212.112.218.112,Poland,$96.55,71
200,Noak,Faust,nfaust5j@ibm.com,Non-binary,172.34.225.161,China,$57.07,94
201,Hillary,Watt,hwatt5k@nbcnews.com,Male,58.53.218.171,Kazakhstan,$16.93,75
202,Ileane,Lillecrap,ilillecrap5l@howstuffworks.com,Female,162.151.20.46,Indonesia,$40.48,33
203,Kenton,McLucas,kmclucas5m@opensource.org,Male,204.208.222.30,Yemen,$64.63,64
204,Roxy,Alcoran,ralcoran5n@comcast.net,Female,221.178.101.137,Japan,$28.17,73
205,Ebonee,Damrell,edamrell5o@cnet.com,Female,145.87.136.170,France,$44.42,85
206,Lesly,Halifax,lhalifax5p@jiathis.com,Female,112.27.164.173,Canada,$21.43,42
207,Marita,Wills,mwills5q@aol.com,Female,164.252.225.69,China,$73.28,24
208,Hube,Tatford,htatford5r@home.pl,Male,196.187.96.223,Indonesia,$98.12,80
209,Paige,Todarello,ptodarello5s@uol.com.br,Female,208.156.74.61,Russia,$89.17,62
210,Gay,Woolvett,gwoolvett5t@unesco.org,Female,156.102.63.246,Indonesia,$42.03,80
211,Effie,Devoy,edevoy5u@go.com,Female,123.193.99.124,United States,$20.35,99
212,Ileana,Whiteford,iwhiteford5v@google.ru,Female,159.137.65.178,Czech Republic,$77.60,19
213,Melba,Ansteys,mansteys5w@blinklist.com,Genderqueer,85.67.163.201,Argentina,$33.80,17
214,Maryrose,Gumby,mgumby5x@edublogs.org,Female,212.192.101.36,China,$95.21,52
215,Vida,Huckle,vhuckle5y@amazonaws.com,Female,157.168.62.192,Mongolia,$33.41,88
216,Abba,Ossenna,aossenna5z@t.co,Male,110.61.252.126,Poland,$83.50,79
217,Mickey,Scading,mscading60@ezinearticles.com,Male,97.36.160.75,China,$5.41,24
218,Tannie,Dorricott,tdorricott61@springer.com,Male,225.78.212.32,Poland,$81.20,8
219,Patrice,Harsnipe,pharsnipe62@dailymotion.com,Male,35.179.202.97,Vietnam,$92.45,43
220,Lexis,Irvine,lirvine63@lycos.com,Female,22.200.177.29,Afghanistan,$62.66,5
221,Binnie,Belfelt,bbelfelt64@salon.com,Female,124.120.62.79,China,$55.32,63
222,Neil,Kittoe,nkittoe65@squarespace.com,Male,94.171.164.1,Peru,$85.80,18
223,Arabelle,Durkin,adurkin66@hhs.gov,Female,30.17.254.74,Sri Lanka,$88.94,60
224,Scarlet,Goldie,sgoldie67@ning.com,Female,184.60.197.165,Canada,$87.27,65
225,Jeth,Beri,jberi68@skype.com,Male,100.228.130.155,Yemen,$53.49,4
226,Jacinda,Patzelt,jpatzelt69@devhub.com,Female,141.252.15.160,Togo,$34.92,83
227,Chelsy,Rowthorn,crowthorn6a@cnet.com,Female,247.165.196.171,France,$20.07,21
228,Chrysler,Burburough,cburburough6b@trellian.com,Female,13.225.142.50,China,$74.04,44
229,Demetra,Lougheed,dlougheed6c@bbb.org,Female,178.188.250.57,Vietnam,$88.39,87
230,Jeanelle,Surpliss,jsurpliss6d@nasa.gov,Female,218.42.70.232,South Korea,$18.49,37
231,Fran,Stanlack,fstanlack6e@tripadvisor.com,Male,128.103.204.24,Honduras,$62.32,10
232,De,Neilan,dneilan6f@webs.com,Female,225.158.59.70,Sweden,$88.27,87
233,Duncan,Chesterton,dchesterton6g@goo.ne.jp,Male,123.18.87.249,Serbia,$43.63,3
234,Gaynor,Chape,gchape6h@oakley.com,Female,238.180.115.63,Portugal,$49.56,71
235,Mei,Whaites,mwhaites6i@apple.com,Female,12.61.110.66,Zimbabwe,$65.95,6
236,Desi,Hizir,dhizir6j@multiply.com,Agender,200.34.94.69,Colombia,$61.37,26
237,Moss,Fenech,mfenech6k@smugmug.com,Male,73.136.239.104,Czech Republic,$6.11,17
238,Antonio,Pennington,apennington6l@latimes.com,Male,168.226.5.162,Peru,$62.29,68
239,Spence,Davidovits,sdavidovits6m@shinystat.com,Male,184.205.101.67,Thailand,$41.60,16
240,Rudiger,Chatin,rchatin6n@myspace.com,Male,32.186.52.33,China,$71.02,44
241,Raffaello,Shackelton,rshackelton6o@chicagotribune.com,Male,27.150.89.156,China,$51.14,66
242,Malorie,Sprake,msprake6p@cpanel.net,Female,240.120.217.113,Brazil,$14.51,39
243,Chilton,Boneham,cboneham6q@amazon.co.jp,Male,161.156.56.71,Indonesia,$96.26,49
244,Gerrie,Morrall,gmorrall6r@bing.com,Male,67.111.42.252,Georgia,$31.94,28
245,Bambi,Spurdle,bspurdle6s@cbslocal.com,Female,171.152.47.121,Ukraine,$61.61,5
246,Elayne,Le Fleming,elefleming6t@elpais.com,Female,93.87.18.20,China,$50.30,19
247,Tyson,MacGuiness,tmacguiness6u@tuttocitta.it,Male,152.242.174.128,Poland,$78.31,59
248,Winston,Rubery,wrubery6v@accuweather.com,Male,84.153.28.57,French Polynesia,$9.81,85
249,Vanny,Whitehurst,vwhitehurst6w@spotify.com,Female,80.216.20.107,Afghanistan,$23.22,99
250,Holly-anne,Johantges,hjohantges6x@washingtonpost.com,Female,42.97.33.56,China,$85.02,43
251,Timotheus,Mico,tmico6y@51.la,Male,28.4.37.134,Russia,$41.60,81
252,Alyosha,Gebbie,agebbie6z@creativecommons.org,Male,143.5.35.232,Sri Lanka,$40.95,55
253,Norah,Isaak,nisaak70@walmart.com,Female,170.169.221.109,Philippines,$88.07,2
254,Darb,Ambrozik,dambrozik71@printfriendly.com,Female,113.209.58.8,Portugal,$63.79,55
255,Gennie,Davet,gdavet72@businesswire.com,Genderfluid,173.214.6.46,Yemen,$53.96,47
256,Pavlov,Dullard,pdullard73@squarespace.com,Male,29.128.5.164,Panama,$6.40,13
257,Annemarie,Ironmonger,aironmonger74@ucoz.com,Genderqueer,14.184.116.207,Philippines,$72.96,29
258,Damara,Van Der Vlies,dvandervlies75@slate.com,Bigender,233.101.5.253,Japan,$53.82,35
259,Quinta,Winspar,qwinspar76@paypal.com,Female,78.51.123.126,Lebanon,$82.41,20
260,Romonda,Spittal,rspittal77@zimbio.com,Female,210.41.139.244,China,$7.52,14
261,Leif,Hebbard,lhebbard78@canalblog.com,Male,5.241.168.207,Canada,$96.35,70
262,Cobb,Bundy,cbundy79@hao123.com,Male,223.74.243.9,Brazil,$60.56,57
263,Jermaine,Tieraney,jtieraney7a@hubpages.com,Male,121.172.27.249,Sri Lanka,$21.28,60
264,Liv,Peedell,lpeedell7b@macromedia.com,Genderqueer,210.196.59.161,Brazil,$26.94,5
265,Clarisse,Gabbotts,cgabbotts7c@zimbio.com,Genderqueer,20.36.163.19,Czech Republic,$66.09,67
266,Willie,Chaloner,wchaloner7d@dailymotion.com,Male,83.206.194.104,France,$44.66,91
267,Edward,Schoales,eschoales7e@google.de,Male,29.134.175.153,Botswana,$48.71,68
268,Lauren,Pohl,lpohl7f@examiner.com,Female,163.99.167.193,Indonesia,$35.29,91
269,Kingston,Drains,kdrains7g@a8.net,Male,230.118.41.85,Russia,$72.48,23
270,Idalia,Haysar,ihaysar7h@privacy.gov.au,Female,71.229.57.204,China,$44.30,39
271,Kennie,Withrop,kwithrop7i@drupal.org,Male,67.211.143.109,China,$70.81,28
272,Lucius,Haynesford,lhaynesford7j@princeton.edu,Male,116.196.136.12,China,$10.70,31
273,Benyamin,Chasson,bchasson7k@jiathis.com,Male,97.121.54.14,Indonesia,$51.20,97
274,Felipe,Baddow,fbaddow7l@miibeian.gov.cn,Agender,211.130.239.51,China,$65.87,2
275,Simonne,Moran,smoran7m@myspace.com,Non-binary,8.200.212.27,Indonesia,$71.00,7
276,Fawn,Udale,fudale7n@paypal.com,Female,236.211.137.33,China,$2.41,94
277,Ermin,Rilton,erilton7o@slashdot.org,Male,179.105.7.228,Indonesia,$1.04,41
278,Horton,Orbine,horbine7p@techcrunch.com,Male,201.74.212.231,China,$43.51,78
279,Binny,Domenichelli,bdomenichelli7q@posterous.com,Female,243.9.133.109,Portugal,$42.34,3
280,Humberto,Babin,hbabin7r@feedburner.com,Male,59.242.34.168,China,$3.55,29
281,Cris,Josham,cjosham7s@samsung.com,Female,103.43.252.93,Japan,$31.03,96
282,Fidole,Luckman,fluckman7t@go.com,Genderfluid,7.182.43.51,China,$20.78,73
283,Wilden,Queree,wqueree7u@w3.org,Male,240.142.93.33,Belarus,$14.51,41
284,Christyna,Lawley,clawley7v@salon.com,Female,248.80.195.126,Indonesia,$34.61,91
285,Bern,Denziloe,bdenziloe7w@about.com,Male,71.12.98.79,Democratic Republic of the Congo,$92.22,93
286,Judah,Scrinage,jscrinage7x@is.gd,Male,56.1.54.12,China,$47.27,70
287,Richardo,Baal,rbaal7y@oracle.com,Male,205.2.114.30,Nigeria,$12.21,58
288,Rey,Gatheral,rgatheral7z@icio.us,Female,218.118.67.42,Iran,$20.19,96
289,Barris,Danielis,bdanielis80@cmu.edu,Male,139.55.225.206,Vietnam,$91.99,76
290,Bevan,Traice,btraice81@seesaa.net,Male,188.110.8.181,Poland,$70.49,74
291,Jannel,Keller,jkeller82@kickstarter.com,Female,83.7.200.90,Czech Republic,$14.39,38
292,Robinet,Berresford,rberresford83@goo.gl,Male,9.120.28.34,Vietnam,$53.06,31
293,Axe,Dundendale,adundendale84@creativecommons.org,Male,25.66.41.208,Indonesia,$29.16,90
294,Del,Fulk,dfulk85@ucoz.ru,Male,210.86.249.191,Sri Lanka,$38.25,6
295,Wernher,Anand,wanand86@cbslocal.com,Male,115.153.12.174,France,$79.79,81
296,Benedict,Sanger,bsanger87@xing.com,Male,247.70.68.106,Poland,$62.60,94
297,Alfie,Tilberry,atilberry88@skyrock.com,Non-binary,157.53.167.117,Mexico,$3.00,79
298,Chaddy,Rossey,crossey89@seesaa.net,Male,54.91.123.132,Indonesia,$53.34,90
299,Mariquilla,Izkoveski,mizkoveski8a@japanpost.jp,Female,230.67.242.58,Chile,$39.87,82
300,Keene,Gard,kgard8b@jalbum.net,Male,129.82.254.229,Indonesia,$8.10,80
301,Rozamond,Roadnight,rroadnight8c@latimes.com,Female,77.142.30.191,United States,$16.45,67
302,Truda,Ivie,tivie8d@cargocollective.com,Female,166.83.33.179,Portugal,$13.95,22
303,Jacquelyn,Bendan,jbendan8e@fc2.com,Female,16.20.120.21,Serbia,$54.23,92
304,Bronnie,Weaving,bweaving8f@npr.org,Male,242.88.158.178,Sweden,$6.28,4
305,Sallie,Gamwell,sgamwell8g@hhs.gov,Female,159.71.144.173,Sierra Leone,$0.58,42
306,Joell,Reichardt,jreichardt8h@privacy.gov.au,Genderfluid,26.124.210.140,China,$61.36,58
307,Maximilianus,Yukhov,myukhov8i@yandex.ru,Male,245.188.87.215,Colombia,$90.43,24
308,Tobie,Campanelli,tcampanelli8j@live.com,Male,93.160.91.194,Russia,$72.31,39
309,Rory,Giriardelli,rgiriardelli8k@vk.com,Male,67.57.217.117,Syria,$33.69,29
310,Ned,Tomasini,ntomasini8l@taobao.com,Male,53.197.141.144,China,$3.37,84
311,Mariele,Vaggs,mvaggs8m@theatlantic.com,Female,88.171.184.135,Poland,$25.01,25
312,Mikey,Sapsford,msapsford8n@surveymonkey.com,Male,106.45.242.32,Russia,$83.11,91
313,Emlyn,Munehay,emunehay8o@clickbank.net,Male,52.134.207.76,Azerbaijan,$94.84,86
314,Lesya,Rowan,lrowan8p@sakura.ne.jp,Female,99.191.48.179,Brazil,$22.85,89
315,Kim,Careless,kcareless8q@sitemeter.com,Female,248.30.211.103,United States,$19.22,56
316,Jereme,Lashmore,jlashmore8r@123-reg.co.uk,Male,108.152.140.107,Bosnia and Herzegovina,$98.78,16
317,Gabby,Aiken,gaiken8s@ca.gov,Male,173.96.145.12,China,$65.90,81
318,Phyllys,Breckwell,pbreckwell8t@list-manage.com,Female,180.132.119.187,China,$89.16,22
319,Aurel,Samber,asamber8u@yellowbook.com,Female,202.18.162.109,Argentina,$66.75,32
320,Webb,Victory,wvictory8v@github.io,Bigender,114.86.6.201,France,$42.91,11
321,Jeannie,Landrieu,jlandrieu8w@gnu.org,Female,102.109.200.110,Honduras,$3.09,1
322,Ira,Stone Fewings,istonefewings8x@gnu.org,Female,239.204.181.105,Brazil,$50.06,46
323,Johannah,Putson,jputson8y@pagesperso-orange.fr,Female,73.6.184.75,Italy,$79.33,64
324,Anna-diana,Simoens,asimoens8z@furl.net,Female,244.117.216.181,Kenya,$2.25,91
325,Nevsa,Daymond,ndaymond90@odnoklassniki.ru,Female,109.42.215.252,Brazil,$19.66,66
326,Angel,Kesley,akesley91@trellian.com,Male,236.84.57.108,United States,$53.21,5
327,Raviv,Dearnly,rdearnly92@fc2.com,Male,110.178.54.69,Philippines,$60.44,2
328,Rolph,Speaks,rspeaks93@meetup.com,Male,200.82.166.226,Niger,$23.77,61
329,Orson,Nenci,onenci94@hostgator.com,Male,17.148.24.91,Venezuela,$5.77,24
330,Claudine,Giorgietto,cgiorgietto95@hexun.com,Female,212.229.165.201,Czech Republic,$38.70,38
331,Megan,Muffen,mmuffen96@google.com,Female,187.135.111.156,Russia,$18.78,47
332,Towny,Iston,tiston97@sfgate.com,Male,100.132.192.67,Indonesia,$48.57,51
333,Candie,Di Gregorio,cdigregorio98@vinaora.com,Female,147.34.233.178,Honduras,$19.48,18
334,Ron,Peeters,rpeeters99@ucoz.ru,Non-binary,94.21.44.62,United States,$33.22,51
335,Chrissy,Barthelemy,cbarthelemy9a@hatena.ne.jp,Female,127.127.248.48,Angola,$16.10,41
336,Keenan,Silverthorn,ksilverthorn9b@bravesites.com,Male,240.235.48.78,China,$89.39,61
337,Aloisia,Wheaton,awheaton9c@scientificamerican.com,Non-binary,1.185.143.204,China,$80.80,10
338,Ryan,Milam,rmilam9d@macromedia.com,Male,210.241.54.214,Liberia,$32.90,87
339,Farleigh,Soldi,fsoldi9e@techcrunch.com,Male,148.249.250.69,Honduras,$59.21,84
340,Sophronia,Belz,sbelz9f@auda.org.au,Female,158.11.87.146,Mali,$41.56,58
341,Ailyn,Dalgety,adalgety9g@umn.edu,Female,56.86.15.54,China,$54.59,44
342,Gerhardine,Frunks,gfrunks9h@youku.com,Female,78.224.80.59,Costa Rica,$32.17,40
343,Sheila-kathryn,Knappett,sknappett9i@meetup.com,Female,202.37.153.40,Indonesia,$56.98,38
344,Jeramey,Kauffman,jkauffman9j@scientificamerican.com,Male,146.163.8.178,Morocco,$44.26,11
345,Jaymee,Delicate,jdelicate9k@google.cn,Female,65.199.251.198,Brazil,$86.13,100
346,Jemie,Fairpool,jfairpool9l@livejournal.com,Bigender,110.156.221.90,Colombia,$75.27,25
347,Henriette,Pawelek,hpawelek9m@cdbaby.com,Female,222.124.227.89,China,$18.73,94
348,Roseanne,Sinkings,rsinkings9n@engadget.com,Female,2.80.102.103,Indonesia,$70.46,78
349,Krissy,Malmar,kmalmar9o@de.vu,Female,187.61.107.104,Argentina,$3.11,74
350,Angelika,Boaler,aboaler9p@tinyurl.com,Female,3.117.111.85,Uzbekistan,$29.30,41
351,Quillan,Godard,qgodard9q@abc.net.au,Male,129.13.121.219,China,$87.20,79
352,Oberon,Leguey,oleguey9r@house.gov,Male,109.183.51.45,China,$59.98,99
353,Kyla,McTaggart,kmctaggart9s@alibaba.com,Female,94.97.33.141,Pakistan,$70.91,80
354,Grover,Dahlman,gdahlman9t@stumbleupon.com,Male,81.45.159.107,Canada,$89.25,52
355,Niven,Root,nroot9u@reddit.com,Male,228.102.51.111,Portugal,$22.36,51
356,Rafael,Raggett,rraggett9v@berkeley.edu,Male,138.190.204.48,China,$16.05,61
357,Brigg,Goose,bgoose9w@woothemes.com,Male,112.25.189.73,Philippines,$97.47,7
358,Tomasine,Loosemore,tloosemore9x@bluehost.com,Female,131.242.109.54,Chad,$33.55,80
359,Marlane,Delgaty,mdelgaty9y@theguardian.com,Female,65.87.216.143,Poland,$69.27,85
360,Doralynn,Hoodless,dhoodless9z@nbcnews.com,Genderqueer,169.100.25.56,Russia,$76.88,66
361,Arty,Cammell,acammella0@naver.com,Bigender,68.162.116.165,China,$33.04,59
362,Luce,Leahey,lleaheya1@msu.edu,Female,188.8.98.6,Serbia,$16.32,38
363,Fae,Broadway,fbroadwaya2@bbc.co.uk,Female,26.33.16.241,Finland,$39.78,94
364,Nelie,Pelzer,npelzera3@com.com,Female,210.96.60.98,Macedonia,$61.41,90
365,Lexie,Blum,lbluma4@goo.ne.jp,Female,51.110.106.117,Indonesia,$87.27,77
366,Corissa,Littlekit,clittlekita5@twitter.com,Female,234.163.204.217,South Africa,$90.28,55
367,Brook,Thomasson,bthomassona6@netvibes.com,Female,34.214.212.43,Malta,$78.59,58
368,Agnese,Pont,aponta7@google.co.uk,Female,194.150.35.199,Honduras,$83.85,34
369,Joan,Gallehawk,jgallehawka8@ning.com,Non-binary,153.187.240.197,Bulgaria,$82.48,21
370,Rhianna,Wilstead,rwilsteada9@webmd.com,Female,5.159.83.2,Syria,$55.90,80
371,Calla,Pegrum,cpegrumaa@npr.org,Female,141.236.193.80,France,$71.77,73
372,Shelley,Cassar,scassarab@nationalgeographic.com,Female,26.156.169.197,China,$46.78,87
373,Gabbie,Juschke,gjuschkeac@house.gov,Female,12.51.166.101,France,$50.80,87
374,Ingelbert,O'Breen,iobreenad@addthis.com,Male,50.236.111.6,Russia,$35.31,52
375,Desmund,McLorinan,dmclorinanae@pbs.org,Male,209.104.234.59,France,$38.51,23
376,Nye,Fellowes,nfellowesaf@sourceforge.net,Male,204.0.170.224,Russia,$63.30,14
377,Brice,Roughsedge,broughsedgeag@economist.com,Male,64.182.220.120,Philippines,$97.39,53
378,Gallagher,Chittie,gchittieah@mit.edu,Male,34.86.2.116,Norway,$27.50,72
379,Delila,Fosserd,dfosserdai@weibo.com,Female,240.189.196.225,Indonesia,$14.38,54
380,Caritta,Posvner,cposvneraj@dyndns.org,Female,41.205.89.161,Cuba,$1.92,2
381,Carrie,Mabey,cmabeyak@cocolog-nifty.com,Female,100.89.107.125,Syria,$63.53,65
382,Orv,Keniwell,okeniwellal@deliciousdays.com,Male,56.252.134.88,Russia,$20.90,73
383,Geoffrey,Millwater,gmillwateram@columbia.edu,Male,141.147.87.90,United States,$74.74,56
384,Kyle,Krollmann,kkrollmannan@princeton.edu,Female,144.156.154.134,Indonesia,$66.38,33
385,Jacques,Slimings,jslimingsao@chicagotribune.com,Male,178.104.120.152,Mongolia,$41.38,32
386,Zsa zsa,Stannas,zstannasap@123-reg.co.uk,Female,51.93.247.88,Russia,$76.03,63
387,Emily,Leaney,eleaneyaq@furl.net,Female,80.135.243.183,Poland,$31.53,4
388,Zarla,Bienvenu,zbienvenuar@networkadvertising.org,Female,88.0.98.20,Costa Rica,$48.11,91
389,Bertie,Richold,bricholdas@indiatimes.com,Female,242.48.69.168,Sweden,$58.88,70
390,Dodi,Benny,dbennyat@ucoz.ru,Female,217.212.140.35,Philippines,$47.20,79
391,Porter,McGreary,pmcgrearyau@tinypic.com,Male,32.15.3.106,Indonesia,$44.42,22
392,Munmro,Ranahan,mranahanav@yahoo.co.jp,Male,151.237.241.73,China,$89.73,29
393,Sonia,Tetsall,stetsallaw@1688.com,Bigender,121.29.84.149,China,$9.13,63
394,Ingrim,Dunican,idunicanax@ebay.com,Male,205.136.81.245,China,$48.83,23
395,Halsey,Dutchburn,hdutchburnay@jigsy.com,Male,144.184.16.171,China,$60.15,59
396,Lorenza,Hazeldene,lhazeldeneaz@bloglovin.com,Female,84.167.73.212,Russia,$33.41,64
397,Stanislaus,Hlavecek,shlavecekb0@unblog.fr,Agender,110.187.47.31,Brazil,$80.04,46
398,Sully,Snewin,ssnewinb1@posterous.com,Male,52.142.156.169,Russia,$98.43,44
399,Sinclair,Wheeldon,swheeldonb2@marriott.com,Male,42.212.181.204,United States,$51.28,45
400,Nikolai,Petticrow,npetticrowb3@zimbio.com,Male,11.15.179.9,Democratic Republic of the Congo,$30.01,47
401,Thane,Corbridge,tcorbridgeb4@cpanel.net,Non-binary,177.85.217.216,Brazil,$56.04,82
402,Sawyere,Ganforth,sganforthb5@wikimedia.org,Male,180.98.232.223,France,$55.37,67
403,Bobinette,Sieve,bsieveb6@vkontakte.ru,Female,41.181.255.136,Indonesia,$7.35,99
404,Perkin,Luxton,pluxtonb7@hp.com,Male,62.76.205.84,Indonesia,$99.59,7
405,Murry,Grenkov,mgrenkovb8@cmu.edu,Male,124.168.43.40,China,$83.38,94
406,Darcey,Gwillym,dgwillymb9@baidu.com,Female,87.228.220.128,Sweden,$13.48,56
407,Theodor,Spencook,tspencookba@java.com,Male,67.222.108.68,Peru,$16.93,95
408,Carola,Barthelmes,cbarthelmesbb@goodreads.com,Female,227.65.225.94,China,$51.80,58
409,Scotty,MacMichael,smacmichaelbc@google.de,Male,135.180.27.176,Philippines,$43.34,18
410,Berrie,Callow,bcallowbd@weather.com,Female,95.152.17.227,China,$1.79,17
411,Arnaldo,Dimitru,adimitrube@chron.com,Male,164.94.145.139,Brazil,$22.50,56
412,Sayers,Rickarsey,srickarseybf@amazon.de,Male,142.13.178.15,Indonesia,$68.35,94
413,Clerissa,Caddens,ccaddensbg@last.fm,Female,167.165.242.40,Thailand,$62.21,59
414,Amelie,Gossling,agosslingbh@google.com.br,Female,0.15.80.79,Indonesia,$4.26,31
415,Vallie,Urey,vureybi@amazon.co.jp,Female,207.57.67.38,China,$56.03,59
416,Heriberto,Stelljes,hstelljesbj@opera.com,Male,124.238.7.79,Russia,$23.64,6
417,Mace,Pawelski,mpawelskibk@acquirethisname.com,Male,78.243.29.50,Poland,$46.66,23
418,Newton,Edmundson,nedmundsonbl@google.com,Genderqueer,13.35.144.99,Mozambique,$88.87,39
419,Conn,Diaper,cdiaperbm@freewebs.com,Male,217.37.107.128,Syria,$35.60,25
420,Arlen,Castleman,acastlemanbn@zimbio.com,Male,187.231.60.218,France,$54.32,99
421,Jillayne,Rowney,jrowneybo@prnewswire.com,Female,195.212.156.153,Brazil,$7.31,47
422,Skippy,McElane,smcelanebp@globo.com,Male,41.105.17.84,China,$40.16,71
423,Ulises,Evans,uevansbq@telegraph.co.uk,Male,247.71.203.242,Czech Republic,$92.27,47
424,Richmound,Mingo,rmingobr@networksolutions.com,Agender,105.146.135.207,China,$90.13,39
425,Padraic,Rainton,praintonbs@omniture.com,Male,167.214.152.44,China,$35.19,88
426,Sherrie,Maddigan,smaddiganbt@taobao.com,Female,97.199.139.183,China,$59.43,49
427,Kristofer,Gason,kgasonbu@blinklist.com,Male,56.183.28.97,Latvia,$44.36,64
428,Gracie,Deetch,gdeetchbv@gizmodo.com,Female,100.16.216.117,Indonesia,$50.25,37
429,Mohandis,Hague,mhaguebw@google.es,Male,126.55.151.16,Bulgaria,$78.40,55
430,Valenka,Tinto,vtintobx@tripadvisor.com,Female,187.182.62.197,China,$0.46,9
431,Willy,Kunzelmann,wkunzelmannby@patch.com,Male,97.83.152.102,China,$7.73,87
432,Micaela,Casswell,mcasswellbz@creativecommons.org,Female,219.70.73.21,Poland,$68.49,69
433,Kora,Larkkem,klarkkemc0@yahoo.com,Female,188.94.13.191,Canada,$33.11,28
434,Mildred,Stonhewer,mstonhewerc1@amazonaws.com,Female,25.66.89.102,Portugal,$12.02,26
435,Gail,Kellar,gkellarc2@npr.org,Male,131.136.213.196,Malaysia,$93.72,40
436,Arabela,Honnan,ahonnanc3@google.it,Female,135.13.61.36,Philippines,$33.81,16
437,Janice,Benion,jbenionc4@mapquest.com,Female,249.57.198.245,Serbia,$35.73,84
438,Valli,Hayden,vhaydenc5@senate.gov,Female,253.216.222.184,Bosnia and Herzegovina,$52.07,83
439,Natasha,Myers,nmyersc6@privacy.gov.au,Female,25.160.165.220,Indonesia,$78.71,20
440,Beverly,Coysh,bcoyshc7@usa.gov,Female,238.71.101.106,Japan,$62.36,50
441,Frank,Rosenbaum,frosenbaumc8@hibu.com,Female,83.79.2.133,Yemen,$39.15,29
442,Charyl,Callum,ccallumc9@delicious.com,Female,51.36.82.131,Myanmar,$5.33,25
443,Franky,Skurm,fskurmca@webnode.com,Male,36.176.121.78,France,$80.92,37
444,Ian,Ruberti,iruberticb@google.es,Male,123.138.16.197,Bulgaria,$80.96,60
445,Felicle,Voce,fvocecc@huffingtonpost.com,Female,27.246.55.103,Japan,$89.60,73
446,Ciro,Pechell,cpechellcd@rakuten.co.jp,Male,62.118.190.245,France,$17.26,62
447,Ford,Fargie,ffargiece@behance.net,Polygender,151.238.184.78,Poland,$18.76,53
448,Donnie,Flinn,dflinncf@amazon.com,Female,166.0.128.58,Sweden,$87.84,41
449,Em,Keuning,ekeuningcg@ucla.edu,Female,93.174.156.70,China,$40.48,26
450,Pryce,Roony,proonych@vistaprint.com,Male,49.176.24.85,Brazil,$50.90,21
451,Jeff,Jepps,jjeppsci@tripadvisor.com,Male,91.2.104.193,Malaysia,$10.43,35
452,Sheff,Hurl,shurlcj@amazon.com,Male,91.51.30.62,Portugal,$54.85,16
453,Ara,Pineaux,apineauxck@marketwatch.com,Agender,6.66.128.178,Thailand,$47.39,96
454,Alyda,Saldler,asaldlercl@thetimes.co.uk,Female,253.146.176.133,Mongolia,$19.82,72
455,Genevieve,Swanborough,gswanboroughcm@blog.com,Female,110.238.50.3,Bulgaria,$49.13,8
456,Ariela,Worlock,aworlockcn@businesswire.com,Genderfluid,239.244.149.113,China,$78.68,90
457,Gardiner,Slee,gsleeco@geocities.com,Male,100.247.94.71,China,$54.03,49
458,Dew,Jerrams,djerramscp@china.com.cn,Male,23.103.253.47,South Africa,$27.41,38
459,Addie,Copnar,acopnarcq@reddit.com,Female,139.105.101.253,China,$65.27,30
460,Gabrielle,Elcock,gelcockcr@ebay.co.uk,Female,160.207.185.239,Portugal,$0.24,9
461,Reinaldo,Molloy,rmolloycs@marketwatch.com,Male,36.11.90.188,Sweden,$7.09,45
462,Shoshana,Dixcey,sdixceyct@timesonline.co.uk,Female,69.203.7.140,Philippines,$38.14,71
463,Belinda,Perrott,bperrottcu@acquirethisname.com,Female,245.63.156.247,China,$15.69,55
464,Napoleon,Ormonde,normondecv@hibu.com,Male,174.11.215.25,Iran,$30.89,16
465,Rufus,Lamers,rlamerscw@last.fm,Male,231.75.33.163,China,$18.69,6
466,Meggy,Canter,mcantercx@taobao.com,Female,177.161.243.27,Philippines,$67.97,26
467,Giselle,McPartlin,gmcpartlincy@icio.us,Female,169.218.82.150,China,$50.52,68
468,Meara,Dimic,mdimiccz@hexun.com,Female,175.253.148.135,Honduras,$88.41,62
469,Christen,Eastes,ceastesd0@uiuc.edu,Female,78.43.137.41,Poland,$30.54,19
470,Eadmund,Alder,ealderd1@altervista.org,Agender,197.154.75.210,Indonesia,$7.10,69
471,Aimee,Eldershaw,aeldershawd2@yandex.ru,Genderqueer,234.50.195.13,China,$67.10,67
472,Rhett,Jobes,rjobesd3@sun.com,Male,13.107.76.187,Japan,$4.20,92
473,Krishnah,Bridger,kbridgerd4@macromedia.com,Male,39.29.160.14,Netherlands,$97.39,36
474,Adolf,MacCurtain,amaccurtaind5@printfriendly.com,Male,151.110.240.184,Russia,$1.84,46
475,Abey,Gozzett,agozzettd6@eventbrite.com,Male,198.79.244.230,Peru,$46.36,47
476,Kathe,Fairbourn,kfairbournd7@tinyurl.com,Female,18.189.69.10,China,$40.42,25
477,Donnamarie,MacMaster,dmacmasterd8@elpais.com,Female,80.58.10.57,Brazil,$28.88,76
478,Court,Common,ccommond9@ucoz.com,Male,65.65.130.48,Russia,$11.96,51
479,Britta,Bisgrove,bbisgroveda@dot.gov,Female,110.176.37.91,Brazil,$63.05,53
480,Urbanus,Rhymes,urhymesdb@columbia.edu,Male,11.55.151.153,Sweden,$1.43,40
481,Olympie,Leckenby,oleckenbydc@infoseek.co.jp,Female,88.196.186.253,Costa Rica,$43.77,47
482,Hanny,Tuffell,htuffelldd@zimbio.com,Female,215.222.19.2,China,$91.68,49
483,Alvy,Brightie,abrightiede@fc2.com,Male,42.102.175.166,Lithuania,$0.72,8
484,Nels,Szreter,nszreterdf@free.fr,Male,210.161.241.212,Poland,$41.18,28
485,Kevan,Keane,kkeanedg@chronoengine.com,Male,108.238.94.93,Latvia,$66.81,30
486,Bradly,Sheeran,bsheerandh@canalblog.com,Male,229.7.104.192,Greece,$34.68,59
487,Angus,Hum,ahumdi@bloglines.com,Agender,114.166.157.145,Indonesia,$69.01,47
488,Theo,Ayer,tayerdj@example.com,Female,29.86.101.244,Philippines,$52.65,56
489,Waneta,Halden,whaldendk@naver.com,Female,130.101.3.247,Poland,$10.13,57
490,Valida,Ekkel,vekkeldl@sun.com,Female,235.132.124.160,Sweden,$58.21,85
491,Barbee,Duchenne,bduchennedm@netlog.com,Female,17.198.13.196,South Africa,$38.14,50
492,Wally,Elsey,welseydn@cbc.ca,Agender,246.118.142.246,China,$3.72,23
493,Rodolfo,Ahmed,rahmeddo@adobe.com,Male,79.123.78.238,Czech Republic,$13.40,3
494,Valentine,Badrock,vbadrockdp@tinypic.com,Female,184.180.163.152,Philippines,$79.30,48
495,Valentine,Walburn,vwalburndq@naver.com,Female,85.49.84.78,Syria,$39.38,23
496,Birk,Sowray,bsowraydr@stanford.edu,Male,95.199.216.71,Indonesia,$24.57,18
497,Shani,Shillingford,sshillingfordds@businessweek.com,Genderfluid,170.60.99.80,Sweden,$15.08,83
498,Edie,Astbery,eastberydt@4shared.com,Female,243.172.156.38,China,$45.84,23
499,Neddie,Docket,ndocketdu@sfgate.com,Male,85.207.203.168,Japan,$15.32,63
500,Georgeta,Licciardello,glicciardellodv@wisc.edu,Female,56.79.248.207,Philippines,$55.61,79
501,Elana,Jovicic,ejovicicdw@soup.io,Female,88.43.236.83,China,$91.68,68
502,Aylmar,Grzelczak,agrzelczakdx@themeforest.net,Male,189.81.33.241,Sweden,$66.57,37
503,Whit,Knapton,wknaptondy@indiegogo.com,Bigender,168.207.236.152,China,$74.70,95
504,Filmore,Jeeks,fjeeksdz@yellowbook.com,Male,254.168.75.191,United Kingdom,$64.02,69
505,Mayne,Tonn,mtonne0@free.fr,Male,49.73.1.12,Philippines,$29.33,82
506,Lionello,Viscovi,lviscovie1@opensource.org,Male,159.120.214.86,China,$47.37,23
507,Jessamine,Joriot,jjoriote2@ameblo.jp,Female,209.21.38.211,United States,$67.33,55
508,Beitris,Celand,bcelande3@g.co,Female,66.206.13.218,Thailand,$21.79,39
509,Byran,Jephson,bjephsone4@phoca.cz,Male,65.163.194.221,Germany,$50.17,81
510,Phyllida,Pepall,ppepalle5@constantcontact.com,Non-binary,185.188.105.104,Canada,$7.10,53
511,Suzy,Whapples,swhapplese6@google.it,Female,80.189.174.147,Ireland,$78.18,51
512,Simone,Simmonite,ssimmonitee7@parallels.com,Female,207.184.166.30,Philippines,$59.81,6
513,Jaynell,Enderwick,jenderwicke8@imgur.com,Female,202.105.117.159,Portugal,$55.33,33
514,Miltie,Levens,mlevense9@g.co,Male,163.33.3.44,Greece,$15.11,74
515,Elset,Salling,esallingea@ihg.com,Female,48.223.217.98,Slovenia,$77.03,99
516,Cherie,Fidock,cfidockeb@wikipedia.org,Female,15.237.34.5,Brazil,$30.83,90
517,Vania,Killigrew,vkilligrewec@java.com,Female,243.217.110.24,Peru,$26.96,52
518,Aileen,McVicar,amcvicared@taobao.com,Female,179.216.13.201,Thailand,$79.56,45
519,Rozele,McCoughan,rmccoughanee@dyndns.org,Female,69.53.132.219,Russia,$50.51,58
520,Hermon,Labuschagne,hlabuschagneef@people.com.cn,Male,70.239.18.220,Indonesia,$39.19,4
521,Ernestus,Manlow,emanloweg@seattletimes.com,Male,12.4.25.204,France,$89.87,20
522,Barry,Plessing,bplessingeh@ibm.com,Male,28.251.50.117,China,$54.22,39
523,Kaine,Mellhuish,kmellhuishei@latimes.com,Male,114.15.232.137,Hong Kong,$78.59,85
524,Timmi,Mahedy,tmahedyej@un.org,Female,50.211.52.38,United States,$41.82,36
525,Constantine,Keward,ckewardek@jimdo.com,Genderqueer,3.249.241.69,India,$89.27,24
526,Carlie,Olyfat,colyfatel@si.edu,Female,211.124.48.192,Sweden,$51.54,86
527,Ashli,Hannant,ahannantem@barnesandnoble.com,Female,203.206.107.249,China,$31.09,57
528,Leonidas,Clutterham,lclutterhamen@wired.com,Male,254.154.21.90,Serbia,$80.85,70
529,Claudie,Trencher,ctrenchereo@epa.gov,Female,192.137.39.172,China,$99.43,91
530,Darsey,Cattermull,dcattermullep@soup.io,Female,24.32.183.0,China,$3.91,79
531,Dyann,Selcraig,dselcraigeq@unc.edu,Female,68.68.203.101,Japan,$86.80,29
532,Rheba,Dadds,rdaddser@woothemes.com,Female,24.71.228.84,China,$9.47,56
533,Lucien,O'Fogarty,lofogartyes@ftc.gov,Bigender,176.32.129.93,Thailand,$74.41,73
534,Kean,Fansy,kfansyet@rediff.com,Male,4.155.53.27,Brazil,$99.35,54
535,Ramonda,Linscott,rlinscotteu@mayoclinic.com,Female,42.38.159.88,Morocco,$28.41,75
536,Cazzie,Boylin,cboylinev@dion.ne.jp,Male,177.39.181.251,Russia,$25.50,25
537,Waverly,Aylesbury,waylesburyew@phpbb.com,Male,17.128.179.227,Brazil,$10.37,64
538,Sharyl,Ding,sdingex@fastcompany.com,Agender,209.8.39.26,France,$24.13,54
539,Lucas,Eim,leimey@slashdot.org,Male,170.14.206.244,China,$95.56,75
540,Maxi,Harle,mharleez@tumblr.com,Female,201.175.65.208,Zimbabwe,$93.21,58
541,Ranice,Slaten,rslatenf0@github.io,Female,220.224.22.71,Pakistan,$8.27,77
542,Waring,Bagenal,wbagenalf1@narod.ru,Male,177.212.57.67,Greece,$61.20,73
543,Lilias,Shuker,lshukerf2@facebook.com,Female,229.252.45.216,Russia,$87.61,74
544,Hallsy,Didball,hdidballf3@cnet.com,Male,12.62.74.187,Ukraine,$49.44,9
545,Greggory,Silcock,gsilcockf4@foxnews.com,Male,22.92.190.123,Brazil,$50.69,40
546,Mella,Eynaud,meynaudf5@pen.io,Female,46.12.173.83,Indonesia,$45.99,24
547,Darius,Figgs,dfiggsf6@nasa.gov,Male,240.99.184.150,Canada,$22.01,61
548,Aurelia,Bondy,abondyf7@tuttocitta.it,Female,171.172.102.132,Curacao,$75.37,87
549,Jacky,Mostyn,jmostynf8@blinklist.com,Male,253.233.113.215,Indonesia,$74.41,37
550,Alys,Anthoney,aanthoneyf9@newsvine.com,Genderqueer,1.61.21.121,China,$95.28,63
551,Nat,Dugdale,ndugdalefa@pagesperso-orange.fr,Male,217.196.34.46,Philippines,$88.01,4
552,Garry,Busfield,gbusfieldfb@sphinn.com,Male,109.177.145.52,France,$79.36,65
553,Bess,Bealton,bbealtonfc@histats.com,Female,226.18.237.181,Netherlands,$44.17,54
554,Lola,Nulty,lnultyfd@wisc.edu,Female,64.160.252.68,Nigeria,$14.43,11
555,Winfield,MacGarrity,wmacgarrityfe@google.pl,Male,52.219.56.73,Bolivia,$75.28,27
556,Theodoric,Breach,tbreachff@usda.gov,Non-binary,50.208.218.154,Thailand,$98.65,3
557,Mahalia,Andric,mandricfg@guardian.co.uk,Female,81.7.65.18,Israel,$2.22,58
558,Gabie,Duffil,gduffilfh@nsw.gov.au,Female,95.80.112.55,Iceland,$59.52,11
559,Ancell,McCormick,amccormickfi@reverbnation.com,Polygender,174.73.190.204,Afghanistan,$2.24,69
560,Jacquenette,Purse,jpursefj@google.co.uk,Female,20.149.206.168,France,$41.53,1
561,Brennen,Lepoidevin,blepoidevinfk@technorati.com,Male,62.95.241.97,Mauritius,$23.89,10
562,Milton,Tuckwood,mtuckwoodfl@columbia.edu,Male,207.86.101.34,Ukraine,$64.83,38
563,Dorris,Caird,dcairdfm@ifeng.com,Female,71.129.81.229,China,$8.05,52
564,Franchot,Spellicy,fspellicyfn@hostgator.com,Male,105.168.23.53,Syria,$73.38,91
565,Hollis,Crellim,hcrellimfo@marriott.com,Male,129.28.19.154,Russia,$90.18,36
566,Philippe,Axelbey,paxelbeyfp@digg.com,Female,162.111.104.153,Philippines,$40.77,48
567,Enos,Breslane,ebreslanefq@ihg.com,Male,113.224.248.185,Sri Lanka,$4.30,52
568,Sherri,Troughton,stroughtonfr@bigcartel.com,Female,131.71.115.166,Lebanon,$39.01,81
569,Yorgos,Rooze,yroozefs@jigsy.com,Male,149.232.144.17,Nepal,$77.72,48
570,Trumaine,Fairlie,tfairlieft@prweb.com,Male,156.208.242.219,France,$35.08,93
571,Judith,Liddy,jliddyfu@ow.ly,Female,10.151.168.42,Brazil,$38.15,53
572,Marwin,Pirt,mpirtfv@cnn.com,Male,164.26.76.0,Portugal,$6.59,69
573,Cyrillus,Wardington,cwardingtonfw@upenn.edu,Agender,239.166.120.25,Sweden,$67.60,12
574,Ilysa,Kinzett,ikinzettfx@miitbeian.gov.cn,Female,247.112.229.150,Philippines,$93.19,25
575,Brittaney,Licas,blicasfy@acquirethisname.com,Female,107.231.76.101,Peru,$48.42,35
576,Silvia,Charlton,scharltonfz@sina.com.cn,Female,255.57.103.57,Equatorial Guinea,$9.53,23
577,Nikolia,Heading,nheadingg0@lulu.com,Female,235.118.223.155,United States,$90.06,81
578,Cayla,Duigan,cduigang1@msu.edu,Female,183.37.50.50,Nigeria,$3.09,36
579,Dieter,Munson,dmunsong2@about.me,Male,104.193.18.114,Bulgaria,$96.08,41
580,Forster,Eynald,feynaldg3@washington.edu,Male,159.125.233.17,France,$69.61,24
581,Loralee,Kibbe,lkibbeg4@printfriendly.com,Female,180.197.41.220,Portugal,$53.40,47
582,Livia,Hathwood,lhathwoodg5@yandex.ru,Female,41.193.131.168,China,$88.36,4
583,Farleigh,Courcey,fcourceyg6@blinklist.com,Agender,134.189.17.74,Indonesia,$77.80,73
584,Alain,Gorgl,agorglg7@multiply.com,Male,66.99.148.56,Portugal,$69.38,76
585,Henriette,Rubinovitsch,hrubinovitschg8@pcworld.com,Female,106.192.190.165,Indonesia,$61.69,27
586,Torin,Mithun,tmithung9@sina.com.cn,Male,124.7.23.103,China,$73.47,79
587,Peter,Axcell,paxcellga@craigslist.org,Male,158.118.250.141,Costa Rica,$24.72,81
588,Raul,Janes,rjanesgb@usatoday.com,Male,83.39.98.40,Mongolia,$69.56,25
589,Carolyn,Feldman,cfeldmangc@issuu.com,Female,85.74.143.95,Argentina,$79.56,56
590,Debi,Wanklin,dwanklingd@addtoany.com,Female,95.197.251.171,Indonesia,$99.33,40
591,Hi,Docherty,hdochertyge@samsung.com,Male,199.154.99.48,China,$73.70,13
592,Jerrie,Pardoe,jpardoegf@csmonitor.com,Male,245.174.110.15,Philippines,$51.69,13
593,Belvia,Legging,blegginggg@businesswire.com,Female,217.15.149.140,Philippines,$55.35,57
594,Salomon,Wimbridge,swimbridgegh@bloglovin.com,Male,231.37.146.112,Indonesia,$16.37,93
595,Anya,Sawle,asawlegi@japanpost.jp,Female,74.141.11.225,China,$70.02,36
596,Ethel,Leve,elevegj@prweb.com,Female,131.150.107.219,Poland,$69.71,74
597,Drew,Reskelly,dreskellygk@technorati.com,Male,203.80.57.230,China,$79.88,38
598,Derron,Thornewell,dthornewellgl@blogs.com,Male,91.1.200.169,Ukraine,$49.96,100
599,Georgianne,Squier,gsquiergm@mozilla.org,Female,14.222.175.127,Democratic Republic of the Congo,$63.60,89
600,Gunar,Duggen,gduggengn@ow.ly,Male,115.52.30.143,Philippines,$17.57,80
601,Ira,Hanscome,ihanscomego@163.com,Male,15.227.142.87,French Polynesia,$61.45,100
602,Reg,Newis,rnewisgp@nhs.uk,Male,62.88.4.59,Brazil,$40.03,18
603,Gabriell,Martt,gmarttgq@networksolutions.com,Female,110.185.160.36,China,$59.49,11
604,Wilma,Sudron,wsudrongr@sogou.com,Female,4.199.65.40,Brazil,$49.36,70
605,Nikita,Housbey,nhousbeygs@addthis.com,Male,198.153.54.80,Brazil,$62.84,1
606,Barrett,Quincey,bquinceygt@domainmarket.com,Male,122.44.86.23,Poland,$44.15,30
607,Joel,Bissiker,jbissikergu@artisteer.com,Male,65.237.230.66,Philippines,$12.70,76
608,Dave,de Mullett,ddemullettgv@boston.com,Male,138.138.47.219,Poland,$9.43,65
609,Dick,Chalder,dchaldergw@woothemes.com,Male,198.192.11.150,Guatemala,$38.49,12
610,Clair,Nunnery,cnunnerygx@indiatimes.com,Female,124.166.180.41,Indonesia,$87.84,5
611,Erwin,Crinson,ecrinsongy@ted.com,Male,24.105.43.105,Palestinian Territory,$73.34,26
612,Emylee,Dadswell,edadswellgz@cargocollective.com,Polygender,183.74.165.235,Indonesia,$62.11,51
613,Janie,Litel,jlitelh0@tinypic.com,Female,86.82.19.65,Nicaragua,$66.10,30
614,Shelton,Le land,slelandh1@skype.com,Male,228.66.246.86,Indonesia,$11.40,78
615,Clare,Seabrooke,cseabrookeh2@tinypic.com,Female,224.138.76.26,Czech Republic,$86.06,74
616,Merissa,Dimberline,mdimberlineh3@google.ca,Female,9.171.102.186,United States,$81.04,24
617,Shina,D'Agostino,sdagostinoh4@1688.com,Female,39.214.165.158,Indonesia,$48.42,44
618,Letty,Camelin,lcamelinh5@xrea.com,Female,140.136.52.229,Sweden,$11.71,92
619,Marietta,Geroldi,mgeroldih6@aboutads.info,Female,151.240.103.137,Indonesia,$50.66,45
620,Feodor,Le Fleming,fleflemingh7@xing.com,Male,32.136.141.122,Finland,$59.46,4
621,Casey,Critten,ccrittenh8@va.gov,Male,57.182.235.133,Russia,$52.41,35
622,Stella,Hambling,shamblingh9@discovery.com,Female,7.99.183.202,Peru,$32.20,32
623,Tabby,Truscott,ttruscottha@howstuffworks.com,Female,151.101.197.102,Finland,$73.04,16
624,Katusha,McNalley,kmcnalleyhb@wiley.com,Female,114.131.73.216,Germany,$10.46,38
625,Engelbert,Skase,eskasehc@fda.gov,Male,152.105.118.173,China,$20.60,16
626,Anett,Harkin,aharkinhd@buzzfeed.com,Female,52.7.161.103,China,$62.60,81
627,Michaeline,Viccary,mviccaryhe@dagondesign.com,Female,44.255.250.145,Poland,$32.26,74
628,Rori,Abbys,rabbyshf@netscape.com,Female,99.100.168.67,Peru,$4.73,68
629,Anastasia,Huet,ahuethg@tripadvisor.com,Bigender,60.181.231.141,Cuba,$31.43,77
630,Scotty,Yardy,syardyhh@globo.com,Male,166.60.58.23,Poland,$78.31,15
631,Darsie,Suche,dsuchehi@csmonitor.com,Female,172.198.223.116,Brazil,$57.00,56
632,Grata,Fearnyhough,gfearnyhoughhj@behance.net,Female,96.215.19.138,Japan,$52.54,96
633,Dorothea,Disbrey,ddisbreyhk@hubpages.com,Female,246.165.247.33,China,$70.01,67
634,Roselin,Bowling,rbowlinghl@geocities.com,Female,39.204.83.62,Tajikistan,$21.58,37
635,Walker,Attewell,wattewellhm@state.gov,Male,114.227.45.205,Brazil,$94.70,68
636,Marie,Manoelli,mmanoellihn@time.com,Female,233.165.83.98,Bosnia and Herzegovina,$17.38,90
637,Concettina,Nairns,cnairnsho@paypal.com,Female,72.35.82.96,Philippines,$25.95,57
638,Joshia,Kellar,jkellarhp@google.fr,Male,1.34.6.56,Peru,$39.16,1
639,Dorey,Routledge,droutledgehq@bloomberg.com,Female,234.8.241.105,Thailand,$77.61,55
640,Jasen,Braiden,jbraidenhr@instagram.com,Male,45.134.188.109,Iran,$25.93,19
641,Evelin,Organer,eorganerhs@wordpress.org,Male,66.115.175.66,Colombia,$56.81,1
642,Wilhelm,Maddocks,wmaddocksht@jigsy.com,Male,220.81.224.123,China,$32.99,58
643,Rochelle,Baldam,rbaldamhu@domainmarket.com,Agender,31.238.135.175,China,$34.87,90
644,Pat,Stoop,pstoophv@cnet.com,Male,241.106.159.143,Honduras,$27.61,9
645,Rodolph,DelaField,rdelafieldhw@is.gd,Male,177.41.215.172,Brazil,$55.30,39
646,Guendolen,O'Hone,gohonehx@yellowbook.com,Agender,85.121.49.7,Colombia,$49.28,31
647,Emerson,Bastard,ebastardhy@over-blog.com,Male,182.155.217.26,Saudi Arabia,$59.45,3
648,Jessie,Cardo,jcardohz@google.fr,Female,19.174.59.196,Russia,$39.56,75
649,Tiertza,Henningham,thenninghami0@spotify.com,Female,238.86.163.105,Venezuela,$28.74,86
650,Koo,Ziemsen,kziemseni1@histats.com,Female,248.7.99.152,Brazil,$61.39,20
651,Jeramie,Coveney,jcoveneyi2@about.com,Male,191.55.147.33,Sweden,$58.56,25
652,Gerek,Lamartine,glamartinei3@quantcast.com,Male,70.128.66.173,Poland,$7.40,65
653,Talbot,Lindenfeld,tlindenfeldi4@hud.gov,Male,201.37.78.80,China,$98.99,78
654,Yorke,Jouhandeau,yjouhandeaui5@accuweather.com,Male,162.149.59.246,Botswana,$11.51,14
655,Zorina,Dulake,zdulakei6@github.io,Female,44.31.51.4,Indonesia,$44.35,56
656,Roderic,Hanney,rhanneyi7@apple.com,Male,136.32.28.123,Yemen,$17.07,69
657,Antonino,Crawcour,acrawcouri8@google.ca,Male,32.226.170.217,China,$52.44,26
658,Rabi,Goodyear,rgoodyeari9@omniture.com,Male,210.122.225.132,Colombia,$57.08,31
659,Nonna,Kennea,nkenneaia@ycombinator.com,Female,2.169.151.138,Philippines,$6.89,25
660,Evangelia,Thorbon,ethorbonib@mapquest.com,Female,34.204.3.243,Indonesia,$47.54,60
661,Lilllie,Collisson,lcollissonic@so-net.ne.jp,Female,137.181.60.249,Albania,$77.28,63
662,Thomasine,MacKaile,tmackaileid@booking.com,Female,92.44.53.124,China,$26.00,22
663,Konrad,Jillitt,kjillittie@unc.edu,Male,98.64.53.8,Indonesia,$97.43,45
664,Hersh,Saull,hsaullif@vinaora.com,Male,201.82.1.235,Indonesia,$35.82,5
665,Ezra,Diddams,ediddamsig@merriam-webster.com,Male,164.122.59.201,China,$56.98,90
666,Harlen,Wohlers,hwohlersih@fda.gov,Male,175.49.83.132,Portugal,$61.08,26
667,Putnem,Glavin,pglavinii@hostgator.com,Male,248.133.138.239,Argentina,$36.28,20
668,Reamonn,Claessens,rclaessensij@ebay.com,Male,2.225.144.83,Finland,$44.51,11
669,Gerti,Akester,gakesterik@csmonitor.com,Female,157.43.108.230,Paraguay,$49.01,73
670,Yard,Chanders,ychandersil@sfgate.com,Male,146.156.227.41,Brazil,$17.13,37
671,Moritz,Sillito,msillitoim@blogspot.com,Genderfluid,209.86.40.217,Ireland,$16.04,94
672,Crin,Holston,cholstonin@weibo.com,Female,99.216.92.234,China,$40.49,97
673,Drucill,Boshell,dboshellio@technorati.com,Female,4.117.73.81,Czech Republic,$28.69,96
674,Alie,Tomblett,atomblettip@wikipedia.org,Female,35.66.65.4,Mali,$13.30,99
675,Weidar,Francesconi,wfrancesconiiq@deliciousdays.com,Male,18.224.42.249,South Korea,$36.44,49
676,Goldie,Gilkison,ggilkisonir@scientificamerican.com,Female,141.215.213.184,Russia,$44.47,42
677,Dorelia,Boeck,dboeckis@hud.gov,Female,197.113.145.246,China,$27.75,9
678,Brett,Seeborne,bseeborneit@hubpages.com,Female,136.174.103.182,Indonesia,$41.67,25
679,Glen,Fassbender,gfassbenderiu@who.int,Male,241.64.21.12,Palestinian Territory,$18.94,41
680,Benita,Aarons,baaronsiv@businessweek.com,Female,11.5.170.139,Finland,$56.18,70
681,Lovell,Luetkemeyers,lluetkemeyersiw@weather.com,Male,191.195.173.2,Bangladesh,$80.88,5
682,Thomasina,Chaplain,tchaplainix@g.co,Female,219.62.204.43,China,$50.21,75
683,Mireielle,Rubinsky,mrubinskyiy@sitemeter.com,Female,84.167.255.2,Nigeria,$71.26,86
684,Elnore,Giottini,egiottiniiz@businesswire.com,Female,154.203.184.134,Philippines,$97.22,87
685,Paulette,Wyndham,pwyndhamj0@vistaprint.com,Female,248.231.186.61,China,$61.74,96
686,Philly,Tuttiett,ptuttiettj1@ucoz.ru,Female,91.241.231.27,Venezuela,$32.11,71
687,Quintina,Dorking,qdorkingj2@theatlantic.com,Female,25.15.109.129,Madagascar,$51.44,54
688,Winny,Martino,wmartinoj3@google.cn,Female,210.208.16.222,Indonesia,$89.25,24
689,Anna-diana,Bowie,abowiej4@desdev.cn,Female,157.141.192.255,China,$88.47,33
690,Hillier,Wittey,hwitteyj5@de.vu,Male,166.15.237.35,Mongolia,$73.58,86
691,Chicky,Blore,cblorej6@bravesites.com,Male,58.235.93.154,Brazil,$41.77,2
692,Kerrill,Vose,kvosej7@globo.com,Female,111.97.41.253,Slovenia,$20.82,68
693,Giuseppe,Hickin,ghickinj8@umich.edu,Male,201.84.33.170,Brazil,$53.46,30
694,Teddy,Arnao,tarnaoj9@nationalgeographic.com,Male,89.119.21.157,France,$29.59,77
695,Huey,Poulsen,hpoulsenja@bbc.co.uk,Male,9.46.59.211,Philippines,$83.29,68
696,Konstantine,Bodimeade,kbodimeadejb@photobucket.com,Male,175.142.52.135,China,$9.09,77
697,Dollie,Ducroe,dducroejc@imdb.com,Female,236.77.240.122,Azerbaijan,$50.79,40
698,Viviene,Dimitresco,vdimitrescojd@elegantthemes.com,Female,235.67.27.85,Indonesia,$16.73,44
699,Matteo,Widdison,mwiddisonje@prweb.com,Male,227.98.96.181,Indonesia,$83.85,50
700,Donelle,Brame,dbramejf@thetimes.co.uk,Female,219.155.209.197,China,$93.03,22
701,Darsie,McQuaide,dmcquaidejg@cocolog-nifty.com,Non-binary,87.115.111.191,Philippines,$3.07,34
702,Albertina,Bowle,abowlejh@utexas.edu,Female,46.81.251.219,China,$54.09,80
703,Esther,Tinman,etinmanji@rambler.ru,Polygender,177.21.242.24,Indonesia,$39.23,19
704,Phil,Scarce,pscarcejj@4shared.com,Female,84.29.29.188,Afghanistan,$67.47,74
705,Raquela,Hurll,rhurlljk@hp.com,Female,157.227.174.160,Czech Republic,$75.71,92
706,Stormy,Dresse,sdressejl@fastcompany.com,Female,251.232.131.188,China,$21.48,84
707,Carly,Leall,clealljm@angelfire.com,Male,241.91.151.61,Philippines,$24.25,64
708,Otho,Penkman,openkmanjn@google.ru,Male,51.180.27.241,China,$44.17,41
709,Gayleen,Corbishley,gcorbishleyjo@amazon.de,Female,131.139.115.124,Japan,$96.50,56
710,Kit,Pfeffer,kpfefferjp@eepurl.com,Male,184.75.87.35,China,$74.03,86
711,Ginevra,Dymocke,gdymockejq@samsung.com,Female,160.86.62.183,Russia,$34.48,86
712,Ursuline,Chaffe,uchaffejr@europa.eu,Female,53.231.191.41,Comoros,$99.48,71
713,Eudora,Balchen,ebalchenjs@ocn.ne.jp,Female,57.129.84.223,Nigeria,$16.03,93
714,Mariana,Meynell,mmeynelljt@yelp.com,Female,192.93.143.172,Indonesia,$94.92,26
715,Arnold,Redhills,aredhillsju@amazon.co.jp,Bigender,28.48.228.43,China,$57.57,36
716,Weidar,Fadian,wfadianjv@nytimes.com,Male,125.235.29.159,Portugal,$60.45,46
717,Min,McGaugie,mmcgaugiejw@dailymotion.com,Female,83.140.100.209,Portugal,$60.62,76
718,Gustavus,Creagh,gcreaghjx@wordpress.org,Male,76.120.69.226,Sierra Leone,$91.99,31
719,Niki,Selwood,nselwoodjy@prweb.com,Male,121.226.201.142,China,$15.48,25
720,Hagan,Mould,hmouldjz@forbes.com,Male,174.229.90.155,Mali,$87.08,79
721,Llewellyn,Connick,lconnickk0@acquirethisname.com,Male,207.238.211.112,Argentina,$69.57,35
722,Dolph,Assel,dasselk1@myspace.com,Male,49.90.72.172,Russia,$65.51,39
723,Masha,Bulch,mbulchk2@opensource.org,Female,220.250.183.241,France,$21.61,12
724,Janetta,Kettow,jkettowk3@google.com.au,Female,84.27.154.151,United States,$50.32,47
725,Ingelbert,Woofenden,iwoofendenk4@upenn.edu,Non-binary,180.112.165.75,Belgium,$72.17,52
726,Gisela,Whebell,gwhebellk5@exblog.jp,Female,48.216.220.116,Indonesia,$1.74,1
727,Herb,Ollis,hollisk6@statcounter.com,Male,136.85.29.13,China,$67.96,36
728,Rosalia,McGettigan,rmcgettigank7@cpanel.net,Female,213.225.181.11,France,$51.69,82
729,Darn,Brun,dbrunk8@drupal.org,Male,187.139.42.209,Russia,$31.92,55
730,Twyla,Mc Grath,tmcgrathk9@intel.com,Female,39.143.148.68,Yemen,$83.14,15
731,Haslett,Laurenceau,hlaurenceauka@123-reg.co.uk,Male,243.20.255.16,Brazil,$67.85,100
732,Corby,Reimers,creimerskb@addtoany.com,Male,119.129.206.178,Benin,$61.71,94
733,Clarine,Balls,cballskc@cdc.gov,Female,202.97.229.98,Russia,$75.56,89
734,Oralla,Dixon,odixonkd@zimbio.com,Female,110.251.222.48,Sri Lanka,$38.87,20
735,Almeda,Mumford,amumfordke@bizjournals.com,Female,125.168.196.110,Slovenia,$59.98,18
736,Malva,McQuirk,mmcquirkkf@nifty.com,Female,11.201.18.189,Poland,$89.59,47
737,Fax,Ells,fellskg@tinyurl.com,Male,28.1.50.211,Poland,$13.03,42
738,Forster,Sinnott,fsinnottkh@shutterfly.com,Male,19.172.71.87,Brazil,$32.29,66
739,Stevena,Steinham,ssteinhamki@stanford.edu,Female,147.91.196.46,Portugal,$63.25,59
740,Brittani,Edowes,bedoweskj@cafepress.com,Female,208.116.176.161,China,$36.91,77
741,Kincaid,Milliken,kmillikenkk@nymag.com,Male,46.254.7.42,Indonesia,$32.53,47
742,Ignaz,Inglese,iinglesekl@tumblr.com,Male,254.93.255.137,Portugal,$23.39,49
743,Krystle,Skae,kskaekm@mail.ru,Female,25.48.65.40,Mozambique,$21.11,57
744,Orel,Warrick,owarrickkn@discovery.com,Polygender,59.176.167.11,China,$78.77,62
745,Sheelagh,Bartalucci,sbartalucciko@whitehouse.gov,Female,189.250.44.109,Russia,$94.16,73
746,Iggy,Askew,iaskewkp@sfgate.com,Male,208.19.78.183,Mexico,$89.92,78
747,Pincas,Attfield,pattfieldkq@eventbrite.com,Male,245.112.248.84,Russia,$22.00,13
748,Gregorius,Pickup,gpickupkr@hugedomains.com,Male,40.50.65.169,Iran,$76.05,16
749,Ronalda,O'Curneen,rocurneenks@shutterfly.com,Female,180.214.50.172,Indonesia,$61.22,36
750,Leslie,Ashness,lashnesskt@sciencedaily.com,Female,43.125.255.68,Brazil,$16.09,37
751,Patton,Josiah,pjosiahku@tiny.cc,Male,102.207.74.20,China,$45.82,3
752,Jonell,Bulch,jbulchkv@squidoo.com,Female,152.11.197.88,China,$29.45,99
753,Kimberlyn,Devine,kdevinekw@dagondesign.com,Female,237.195.10.13,Bosnia and Herzegovina,$58.63,25
754,Mei,Willets,mwilletskx@merriam-webster.com,Female,168.167.95.190,Argentina,$99.33,73
755,Inglebert,Skippings,iskippingsky@walmart.com,Male,252.174.246.173,Iraq,$17.84,98
756,Sadie,Jacquet,sjacquetkz@icio.us,Female,51.220.158.118,Russia,$81.59,5
757,Alyssa,Turnor,aturnorl0@amazonaws.com,Female,29.124.17.194,South Africa,$85.22,54
758,Eulalie,Tansill,etansilll1@yahoo.com,Female,86.140.248.19,Liberia,$35.54,76
759,Brien,Bathowe,bbathowel2@apache.org,Male,79.237.223.174,China,$9.34,4
760,Dudley,Bartkowiak,dbartkowiakl3@archive.org,Male,228.177.63.97,Portugal,$64.69,65
761,Barron,Hurleston,bhurlestonl4@webeden.co.uk,Male,103.206.98.149,China,$65.20,49
762,Davidson,Corneille,dcorneillel5@fastcompany.com,Male,161.139.193.16,China,$73.15,80
763,Karole,Kohring,kkohringl6@lycos.com,Female,112.168.144.234,China,$17.67,88
764,Halli,Truckett,htruckettl7@ihg.com,Female,196.177.135.172,Russia,$76.30,90
765,Ottilie,MacManus,omacmanusl8@wikimedia.org,Female,155.53.185.178,China,$46.33,97
766,Gretel,Hein,gheinl9@flickr.com,Female,58.40.235.27,Palestinian Territory,$66.99,20
767,Waylon,Burnhard,wburnhardla@posterous.com,Male,242.193.33.252,Indonesia,$94.47,39
768,Nevin,Jahnke,njahnkelb@harvard.edu,Male,179.27.12.167,Malawi,$32.75,4
769,Coral,Huriche,churichelc@skyrock.com,Female,36.166.84.75,Indonesia,$48.02,65
770,Nita,Olennikov,nolennikovld@google.ru,Genderfluid,98.144.1.224,Philippines,$63.55,85
771,Devonne,Brombell,dbrombellle@unc.edu,Female,75.5.177.103,Bulgaria,$68.59,24
772,Claire,Mingaye,cmingayelf@wired.com,Non-binary,185.74.236.38,Ukraine,$17.49,1
773,Rabbi,Wainer,rwainerlg@yolasite.com,Male,213.141.124.89,Malaysia,$97.23,28
774,Nye,Hearne,nhearnelh@1688.com,Male,0.198.92.40,Poland,$46.24,73
775,Case,Dennant,cdennantli@bbc.co.uk,Male,161.50.195.27,Greece,$26.44,35
776,Giacomo,Foulks,gfoulkslj@tumblr.com,Male,234.221.209.21,United States,$80.56,36
777,Theodor,Chrispin,tchrispinlk@livejournal.com,Male,176.174.10.206,Portugal,$37.30,49
778,Malinda,Fountian,mfountianll@elegantthemes.com,Female,22.24.14.207,Colombia,$98.53,44
779,Marvin,Crutchley,mcrutchleylm@slashdot.org,Male,134.6.29.85,France,$51.17,62
780,Rice,Mepham,rmephamln@washington.edu,Male,68.45.12.189,Israel,$39.43,76
781,Hilly,Menure,hmenurelo@is.gd,Male,30.178.119.230,Thailand,$9.05,73
782,Essie,Jaquemar,ejaquemarlp@wikipedia.org,Female,80.180.188.164,Poland,$30.33,21
783,Dorri,Sarjant,dsarjantlq@cocolog-nifty.com,Female,34.194.69.253,Ukraine,$90.33,39
784,Gerda,Menere,gmenerelr@businessweek.com,Female,251.17.42.61,Ukraine,$0.61,97
785,Vidovik,Kasper,vkasperls@spotify.com,Male,159.46.231.210,China,$42.39,81
786,Dewie,Pryde,dprydelt@statcounter.com,Male,67.34.145.74,China,$84.05,4
787,Konrad,Worster,kworsterlu@loc.gov,Male,173.26.178.60,Madagascar,$64.31,41
788,Donall,Sizeland,dsizelandlv@quantcast.com,Male,137.101.200.242,Egypt,$74.33,41
789,Daniel,Olivera,doliveralw@xing.com,Agender,252.53.202.52,China,$75.57,70
790,Godfry,Trickett,gtrickettlx@ox.ac.uk,Male,80.137.101.175,China,$82.00,64
791,Sibilla,Gilbert,sgilbertly@cargocollective.com,Female,14.130.181.85,Philippines,$81.34,69
792,Riley,Jinda,rjindalz@mapy.cz,Agender,40.62.95.205,Mauritius,$87.14,59
793,Anson,Tardiff,atardiffm0@list-manage.com,Male,225.114.219.118,Thailand,$63.75,10
794,Misti,Macconachy,mmacconachym1@soundcloud.com,Female,185.212.42.90,Belarus,$61.35,85
795,Frederica,Rosenqvist,frosenqvistm2@dot.gov,Female,69.219.6.145,Portugal,$62.21,13
796,Pancho,Oven,povenm3@smh.com.au,Polygender,18.59.87.42,Finland,$86.05,23
797,Shela,Paule,spaulem4@so-net.ne.jp,Female,210.71.46.138,Saudi Arabia,$18.34,30
798,Angel,Vakhonin,avakhoninm5@ycombinator.com,Male,226.98.198.114,China,$5.77,4
799,Karlotta,Fee,kfeem6@mashable.com,Female,11.67.5.253,Indonesia,$41.24,9
800,Gale,Everix,geverixm7@businessinsider.com,Female,197.207.28.113,China,$55.02,50
801,Ashbey,Kleinerman,akleinermanm8@scientificamerican.com,Male,24.32.152.172,Somalia,$81.55,49
802,Tiphani,Tabour,ttabourm9@stumbleupon.com,Female,52.0.113.122,Russia,$14.90,41
803,Farah,Tamblingson,ftamblingsonma@samsung.com,Female,10.138.243.9,Palestinian Territory,$75.15,1
804,Sarena,Kimbrey,skimbreymb@ucoz.ru,Female,52.37.243.96,France,$8.48,17
805,Noach,McMorran,nmcmorranmc@twitpic.com,Male,239.244.2.154,Indonesia,$42.86,95
806,Bronny,Glasbey,bglasbeymd@imageshack.us,Male,57.223.136.209,China,$86.07,32
807,Libbie,Sheahan,lsheahanme@nyu.edu,Female,199.12.241.205,China,$73.95,48
808,Marlin,Waleran,mwaleranmf@yandex.ru,Male,38.158.81.232,Netherlands,$90.80,85
809,Clair,Cushion,ccushionmg@businesswire.com,Male,118.171.133.87,Albania,$17.86,4
810,Chiquita,Bluck,cbluckmh@4shared.com,Female,182.48.159.151,Canada,$70.22,96
811,Ase,Boarleyson,aboarleysonmi@deliciousdays.com,Genderqueer,104.250.185.167,China,$7.27,6
812,Igor,Chinn,ichinnmj@dailymotion.com,Male,206.34.127.52,Indonesia,$22.48,15
813,Kalie,BoHlingolsen,kbohlingolsenmk@sciencedaily.com,Female,42.10.247.218,Canada,$42.85,90
814,Kesley,Burdytt,kburdyttml@toplist.cz,Female,251.151.81.184,Philippines,$11.91,94
815,Marleen,House,mhousemm@smugmug.com,Female,150.248.255.203,Thailand,$74.36,94
816,Archibaldo,MacConnal,amacconnalmn@google.com.au,Male,222.0.12.121,Kosovo,$63.27,14
817,Inge,Pepper,ipeppermo@fastcompany.com,Female,160.38.42.91,China,$0.17,64
818,Andi,Phillipp,aphillippmp@furl.net,Female,9.156.43.67,Peru,$26.53,16
819,Crichton,Uzzell,cuzzellmq@utexas.edu,Male,137.10.128.117,Greece,$57.19,13
820,Mamie,Fosdyke,mfosdykemr@odnoklassniki.ru,Female,48.100.184.214,China,$39.66,40
821,Mel,Water,mwaterms@printfriendly.com,Male,16.108.177.171,France,$50.05,3
822,Corabel,Persitt,cpersittmt@mediafire.com,Female,87.242.86.54,Indonesia,$7.13,88
823,Kelcey,Forrestor,kforrestormu@php.net,Female,204.131.9.141,Kazakhstan,$71.64,71
824,Maryl,Burchell,mburchellmv@paypal.com,Female,185.102.61.219,Slovenia,$30.27,50
825,Cory,Turnbull,cturnbullmw@cam.ac.uk,Male,209.158.20.139,Dominican Republic,$96.96,97
826,Daryle,Bittlestone,dbittlestonemx@elegantthemes.com,Male,39.131.246.222,Peru,$95.04,24
827,Jason,Coffin,jcoffinmy@ow.ly,Male,52.202.143.106,France,$39.44,95
828,Layney,Spacey,lspaceymz@artisteer.com,Female,4.47.71.55,Peru,$75.05,64
829,Brose,Buffery,bbufferyn0@symantec.com,Male,149.20.174.149,Brazil,$81.15,97
830,Ermina,Kingaby,ekingabyn1@naver.com,Female,165.13.168.125,Madagascar,$12.35,94
831,Phyllis,Matskevich,pmatskevichn2@soup.io,Female,195.173.253.210,France,$73.12,26
832,Eleanor,Sprulls,esprullsn3@plala.or.jp,Female,67.110.93.247,Peru,$95.46,16
833,Kerrill,Starton,kstartonn4@themeforest.net,Bigender,113.8.54.137,Poland,$48.69,88
834,Noami,Chin,nchinn5@google.co.jp,Female,99.209.38.27,Poland,$60.06,58
835,Tiebout,Malacrida,tmalacridan6@histats.com,Male,192.73.222.89,China,$10.23,52
836,Aubry,Bremmell,abremmelln7@reference.com,Female,21.205.27.106,Afghanistan,$72.89,86
837,Annamarie,Woods,awoodsn8@wisc.edu,Female,223.236.144.26,China,$5.66,18
838,Rainer,Bavridge,rbavridgen9@reuters.com,Male,95.108.214.174,Sweden,$17.92,83
839,Beatrice,Kovacs,bkovacsna@dailymotion.com,Female,85.47.233.125,United States,$21.24,26
840,Boony,Bazire,bbazirenb@godaddy.com,Male,247.108.187.40,Japan,$62.59,34
841,Mack,Farlamb,mfarlambnc@uiuc.edu,Male,140.13.204.30,Israel,$98.73,42
842,Genny,MacKegg,gmackeggnd@soundcloud.com,Female,203.255.123.47,Sweden,$47.58,22
843,Germayne,Chown,gchownne@simplemachines.org,Non-binary,82.212.158.30,South Africa,$75.88,97
844,Halette,Markova,hmarkovanf@mac.com,Female,60.1.150.28,Finland,$57.35,4
845,Lyn,Avramov,lavramovng@newyorker.com,Female,156.2.240.146,Indonesia,$2.89,68
846,Elka,Shawcroft,eshawcroftnh@cloudflare.com,Female,106.166.15.175,Serbia,$84.46,38
847,Bentlee,Krug,bkrugni@google.es,Male,19.44.81.133,China,$79.76,29
848,Noell,Stait,nstaitnj@google.com.hk,Female,69.235.46.15,Ukraine,$32.80,20
849,Andeee,Antonomolii,aantonomoliink@behance.net,Female,106.0.202.216,Tunisia,$94.41,5
850,Harwell,Elsay,helsaynl@etsy.com,Male,214.50.88.138,Pakistan,$97.57,18
851,Judd,Pache,jpachenm@msn.com,Male,118.166.145.38,Poland,$92.00,53
852,Sheelagh,Tarbet,starbetnn@barnesandnoble.com,Female,12.108.223.6,China,$34.47,71
853,Wood,Brewitt,wbrewittno@army.mil,Male,45.88.51.249,Pakistan,$20.06,94
854,Emmaline,Dudson,edudsonnp@wikia.com,Female,212.14.134.86,Armenia,$54.07,45
855,Angelique,Dallin,adallinnq@ning.com,Bigender,227.79.60.235,Indonesia,$11.96,22
856,Dennison,MacAllen,dmacallennr@webs.com,Male,243.108.81.33,Czech Republic,$65.41,66
857,Drucill,Fowley,dfowleyns@surveymonkey.com,Female,76.131.70.203,China,$11.05,78
858,Eugenius,Iori,eiorint@cnbc.com,Male,217.128.103.3,Czech Republic,$41.33,86
859,Freddy,Dollen,fdollennu@cdbaby.com,Male,219.0.93.254,France,$16.84,41
860,Jefferson,Accum,jaccumnv@cam.ac.uk,Male,146.94.189.249,Russia,$37.00,70
861,Ricoriki,Leonard,rleonardnw@icq.com,Male,206.33.50.75,Ukraine,$54.30,18
862,Lindon,McGow,lmcgownx@boston.com,Male,174.10.3.51,Spain,$48.99,85
863,Innis,Ludgrove,iludgroveny@cyberchimps.com,Male,13.185.194.22,Indonesia,$14.55,58
864,Sophia,Gawthorpe,sgawthorpenz@census.gov,Female,167.191.214.187,Bosnia and Herzegovina,$24.62,79
865,Kelly,Rawlinson,krawlinsono0@ehow.com,Female,213.133.189.254,Austria,$84.49,75
866,Hartley,Pettersen,hpetterseno1@stanford.edu,Male,4.63.97.110,France,$86.60,73
867,Clim,Fautley,cfautleyo2@reference.com,Male,213.177.92.205,Canada,$85.55,69
868,Riley,Thring,rthringo3@spotify.com,Male,170.95.94.226,Finland,$95.42,50
869,Ode,Gaylard,ogaylardo4@jiathis.com,Male,137.186.179.137,Indonesia,$88.77,25
870,Marlyn,Van der Brugge,mvanderbruggeo5@prlog.org,Female,166.234.52.35,Greece,$87.88,28
871,Aloysia,Cosley,acosleyo6@yahoo.com,Female,136.91.116.121,Indonesia,$14.38,76
872,Bridgette,Stienham,bstienhamo7@theglobeandmail.com,Female,225.31.147.9,Poland,$74.04,10
873,Marietta,Picard,mpicardo8@nyu.edu,Male,213.31.215.120,China,$36.19,94
874,Cathe,Grealy,cgrealyo9@guardian.co.uk,Female,5.18.49.12,Cameroon,$41.36,78
875,Catarina,Gallone,cgalloneoa@facebook.com,Female,110.135.208.13,Honduras,$61.18,25
876,Nanine,Mighele,nmigheleob@reddit.com,Female,105.228.209.61,China,$61.25,44
877,Jennette,Schiefersten,jschieferstenoc@list-manage.com,Female,67.1.99.42,Portugal,$50.99,24
878,Babita,Ducket,bducketod@webnode.com,Female,54.191.246.99,Philippines,$10.92,58
879,Yorke,Maggi,ymaggioe@bbb.org,Male,41.143.107.191,Indonesia,$92.26,97
880,Winifred,Boulder,wboulderof@geocities.com,Female,118.156.142.113,Ukraine,$41.86,55
881,Arabella,Stainton - Skinn,astaintonskinnog@ameblo.jp,Female,125.80.179.225,Indonesia,$77.73,34
882,Christie,Bradly,cbradlyoh@redcross.org,Female,201.19.204.197,China,$9.33,93
883,Zeb,Pyecroft,zpyecroftoi@tinyurl.com,Male,64.13.188.97,China,$97.02,74
884,Gusella,Wolfendell,gwolfendelloj@ftc.gov,Female,71.42.12.191,Indonesia,$98.78,87
885,Ashli,Carillo,acarillook@over-blog.com,Female,181.116.183.232,China,$37.87,82
886,Mallory,Lambrook,mlambrookol@lulu.com,Male,164.120.246.143,Russia,$70.56,29
887,Elspeth,Hollerin,ehollerinom@netvibes.com,Female,80.1.137.119,Bosnia and Herzegovina,$35.00,94
888,Margarete,Nelligan,mnelliganon@dell.com,Female,132.63.108.13,Poland,$49.34,4
889,Quinta,Gillogley,qgillogleyoo@go.com,Female,127.96.125.3,France,$26.57,31
890,Melitta,Pennazzi,mpennazziop@google.com.hk,Female,47.20.13.189,Brazil,$18.10,34
891,Madelon,Caghy,mcaghyoq@slashdot.org,Female,193.149.111.141,China,$89.08,91
892,Coop,Eliff,celiffor@symantec.com,Bigender,254.144.197.205,Ukraine,$51.78,15
893,Helaine,Najera,hnajeraos@creativecommons.org,Female,180.179.78.127,France,$93.46,65
894,Megan,Haysom,mhaysomot@friendfeed.com,Genderqueer,17.118.146.39,Slovenia,$76.26,74
895,Cherish,Joyner,cjoynerou@wikia.com,Female,153.119.48.50,Portugal,$76.40,1
896,Petr,Parrin,pparrinov@nyu.edu,Male,110.201.142.197,Ethiopia,$48.01,9
897,Cornelle,Copland,ccoplandow@ustream.tv,Female,116.178.108.198,Peru,$3.52,68
898,Bette-ann,Lucius,bluciusox@arstechnica.com,Genderfluid,66.191.63.53,China,$4.32,70
899,Clim,Groundwator,cgroundwatoroy@free.fr,Male,146.186.40.228,Nicaragua,$98.33,2
900,Maddie,Manwaring,mmanwaringoz@mit.edu,Male,148.27.54.188,Haiti,$68.76,63
901,Coriss,Klimpke,cklimpkep0@purevolume.com,Polygender,246.47.161.32,China,$1.30,19
902,Giulietta,Hills,ghillsp1@ted.com,Female,33.34.146.194,New Zealand,$69.07,52
903,Lin,Lorain,llorainp2@princeton.edu,Female,218.224.227.82,France,$5.52,54
904,Charlotta,Woolacott,cwoolacottp3@google.com.br,Female,242.80.103.172,Colombia,$29.41,51
905,Magnum,Alexander,malexanderp4@theglobeandmail.com,Male,184.81.111.47,Colombia,$38.42,100
906,Brittni,Henrichs,bhenrichsp5@state.tx.us,Female,112.95.143.241,Palestinian Territory,$49.41,58
907,Aubrie,Cheney,acheneyp6@google.de,Female,152.203.106.7,United States,$51.57,50
908,Sosanna,Gavriel,sgavrielp7@noaa.gov,Female,56.236.43.155,Syria,$6.13,43
909,Isidoro,Ewing,iewingp8@mapquest.com,Male,1.100.188.121,Philippines,$75.36,76
910,Bryon,Decker,bdeckerp9@pagesperso-orange.fr,Male,69.24.236.124,China,$32.63,63
911,Jerad,Walkington,jwalkingtonpa@nsw.gov.au,Male,79.230.83.43,Brazil,$49.03,90
912,Shel,Augustus,saugustuspb@loc.gov,Genderqueer,228.52.31.66,Portugal,$40.66,6
913,Link,McFadin,lmcfadinpc@utexas.edu,Male,28.171.228.34,South Korea,$44.03,5
914,Patti,Taaffe,ptaaffepd@buzzfeed.com,Female,146.17.17.119,China,$74.28,47
915,Leonard,Wickett,lwickettpe@gizmodo.com,Male,174.113.161.116,China,$88.72,46
916,Neely,Jessel,njesselpf@vk.com,Female,124.100.82.167,Russia,$48.54,7
917,Roselia,Cholonin,rcholoninpg@theguardian.com,Female,175.77.37.218,Vietnam,$76.93,54
918,Nealson,Tourmell,ntourmellph@prlog.org,Male,13.90.21.9,France,$98.09,72
919,Jenna,Blees,jbleespi@technorati.com,Female,37.38.43.171,Ireland,$85.10,45
920,Erinn,Zukierman,ezukiermanpj@bluehost.com,Agender,8.72.57.248,Ukraine,$60.59,22
921,Nananne,Brownsall,nbrownsallpk@163.com,Female,38.115.77.111,Indonesia,$29.78,54
922,Kippy,Moutray Read,kmoutrayreadpl@nytimes.com,Male,154.129.209.97,China,$16.91,49
923,Bernete,Winks,bwinkspm@virginia.edu,Female,191.93.58.209,Indonesia,$35.69,94
924,Callean,Blanque,cblanquepn@apple.com,Male,49.202.213.210,China,$54.49,76
925,Simonne,Lemonnier,slemonnierpo@wiley.com,Female,255.199.54.12,Indonesia,$55.17,34
926,Benedikt,Andover,bandoverpp@blogger.com,Male,104.129.184.111,Estonia,$64.07,77
927,Tomlin,Taw,ttawpq@feedburner.com,Agender,66.146.242.123,Portugal,$34.53,76
928,Arlen,Nand,anandpr@harvard.edu,Male,147.92.85.34,Greece,$70.26,92
929,Filberte,Fussen,ffussenps@topsy.com,Male,230.241.131.205,Myanmar,$35.59,68
930,Ray,Cadden,rcaddenpt@ovh.net,Male,99.48.177.226,Brazil,$51.77,54
931,Burlie,Gelland,bgellandpu@skyrock.com,Bigender,6.242.6.23,Thailand,$57.56,16
932,Tuckie,Poulton,tpoultonpv@shinystat.com,Male,114.156.211.77,Indonesia,$45.56,3
933,Brande,Keppy,bkeppypw@patch.com,Non-binary,71.99.227.223,Philippines,$43.64,46
934,Vito,Whittuck,vwhittuckpx@pbs.org,Male,26.43.224.229,Russia,$19.66,34
935,Denise,Pym,dpympy@reuters.com,Female,13.167.124.251,Latvia,$6.08,91
936,Galvin,Van der Brugge,gvanderbruggepz@mapquest.com,Male,138.156.3.170,Ukraine,$92.37,81
937,Farris,Vautier,fvautierq0@gov.uk,Male,193.143.226.157,Brazil,$9.29,56
938,Orren,Jindacek,ojindacekq1@oracle.com,Male,239.28.172.74,Indonesia,$71.05,30
939,Richart,Faley,rfaleyq2@angelfire.com,Male,110.75.205.252,Philippines,$21.48,19
940,Jean,Smail,jsmailq3@last.fm,Male,21.206.223.14,China,$43.97,71
941,Orton,Crossdale,ocrossdaleq4@amazon.co.jp,Male,209.71.52.156,Sweden,$94.59,46
942,Lanette,Joan,ljoanq5@odnoklassniki.ru,Female,6.234.235.207,France,$90.13,6
943,Victor,Coale,vcoaleq6@apache.org,Male,122.145.225.143,Cuba,$21.54,99
944,Lind,Coaten,lcoatenq7@senate.gov,Male,28.68.106.41,Japan,$42.27,94
945,Cacilie,Suttaby,csuttabyq8@blog.com,Female,64.200.102.157,Indonesia,$17.07,13
946,Guendolen,Ridwood,gridwoodq9@geocities.jp,Female,72.45.163.55,France,$17.37,7
947,Cathy,Burwell,cburwellqa@ebay.co.uk,Female,15.131.17.80,Ecuador,$93.63,42
948,Beverlie,Leipnik,bleipnikqb@squarespace.com,Female,12.218.253.203,China,$26.29,69
949,Averil,Kimberley,akimberleyqc@imgur.com,Male,210.123.237.221,Spain,$6.85,69
950,Clarey,Cossar,ccossarqd@ucoz.ru,Female,156.110.4.210,Indonesia,$66.49,89
951,Rosa,Waldock,rwaldockqe@w3.org,Female,69.141.134.98,China,$73.11,31
952,Nicolais,Cassie,ncassieqf@acquirethisname.com,Male,25.159.203.242,Spain,$55.69,52
953,Danella,Duncombe,dduncombeqg@ow.ly,Female,200.119.129.184,France,$22.68,83
954,Mel,Bulstrode,mbulstrodeqh@nps.gov,Male,105.180.111.91,Mongolia,$27.41,46
955,Emelia,Colegate,ecolegateqi@usgs.gov,Female,225.83.192.23,France,$85.74,36
956,Kort,Flag,kflagqj@hhs.gov,Male,200.136.136.207,Japan,$62.54,3
957,Alphonso,Imlach,aimlachqk@dedecms.com,Genderfluid,214.86.107.220,China,$32.79,67
958,Zea,Baccup,zbaccupql@mozilla.com,Female,29.96.93.146,Democratic Republic of the Congo,$61.88,82
959,Ogdon,Soonhouse,osoonhouseqm@networkadvertising.org,Male,206.11.204.119,Poland,$47.80,55
960,Tally,Vasnev,tvasnevqn@oaic.gov.au,Male,109.18.67.164,Solomon Islands,$85.53,32
961,Etty,Baudoux,ebaudouxqo@guardian.co.uk,Female,187.241.211.248,France,$94.49,91
962,Rick,Swateridge,rswateridgeqp@cbslocal.com,Male,138.24.42.2,Russia,$48.68,16
963,Emelen,Lewty,elewtyqq@imdb.com,Male,6.89.134.86,Russia,$39.93,39
964,Bobby,Buffham,bbuffhamqr@japanpost.jp,Bigender,126.150.89.179,Philippines,$62.05,27
965,Judas,Byard,jbyardqs@berkeley.edu,Male,69.96.104.197,China,$52.41,5
966,Frederich,Drinkhill,fdrinkhillqt@freewebs.com,Male,230.156.197.241,Thailand,$43.64,32
967,Lari,Heaford,lheafordqu@theglobeandmail.com,Female,4.80.224.80,China,$13.32,48
968,Loren,Giacomazzo,lgiacomazzoqv@bloglovin.com,Male,248.197.196.149,Ivory Coast,$74.05,32
969,Trix,Bucktharp,tbucktharpqw@tripod.com,Female,99.76.100.8,China,$40.30,87
970,Shelton,Fudger,sfudgerqx@rediff.com,Bigender,216.97.139.220,Philippines,$27.57,45
971,Zondra,Pray,zprayqy@opera.com,Female,151.129.77.23,Russia,$76.93,15
972,Joshia,Okeshott,jokeshottqz@hexun.com,Male,215.204.52.1,China,$1.26,92
973,Anni,Tankard,atankardr0@illinois.edu,Non-binary,93.198.109.104,China,$1.61,82
974,Lesli,Ritchard,lritchardr1@newsvine.com,Polygender,208.149.47.14,Austria,$32.92,31
975,Marie-jeanne,Wayte,mwayter2@mapy.cz,Female,37.101.129.93,Ethiopia,$11.34,26
976,Ariela,Eagger,aeaggerr3@ycombinator.com,Female,135.56.112.125,Ukraine,$76.25,65
977,Eleonore,Mechic,emechicr4@zdnet.com,Female,39.56.145.237,Greece,$68.17,81
978,Dean,Fairlie,dfairlier5@usatoday.com,Male,56.153.157.88,New Zealand,$23.36,89
979,Luis,Rann,lrannr6@rediff.com,Male,132.134.191.176,Vietnam,$72.34,60
980,Kris,Mitroshinov,kmitroshinovr7@ed.gov,Male,51.250.163.234,Russia,$20.31,77
981,Adoree,Thurner,athurnerr8@canalblog.com,Female,0.102.162.194,China,$42.61,11
982,Robinet,Losemann,rlosemannr9@smugmug.com,Male,10.202.225.73,Indonesia,$35.01,43
983,Averill,Casley,acasleyra@dagondesign.com,Male,219.8.213.169,Russia,$78.63,99
984,Glennie,Mariaud,gmariaudrb@opensource.org,Genderfluid,227.59.130.143,Russia,$57.33,42
985,Ingram,Hryniewicki,ihryniewickirc@cocolog-nifty.com,Male,10.190.10.95,Argentina,$28.13,21
986,Timmy,Friberg,tfribergrd@china.com.cn,Female,57.205.42.116,Albania,$46.38,30
987,Lockwood,Reddoch,lreddochre@netlog.com,Male,175.67.201.157,Finland,$30.35,44
988,Hebert,Crole,hcrolerf@globo.com,Male,188.100.197.15,Indonesia,$19.12,30
989,Carney,O'Ruane,coruanerg@e-recht24.de,Male,184.166.1.213,Thailand,$93.06,8
990,Amara,Meach,ameachrh@tuttocitta.it,Female,114.12.249.114,Indonesia,$18.11,25
991,Sydney,Bevir,sbevirri@cbslocal.com,Female,253.218.228.192,Sri Lanka,$90.69,2
992,Janean,Dressell,jdressellrj@cnn.com,Female,251.172.106.193,Nigeria,$95.75,2
993,Mile,Shitliffe,mshitlifferk@lycos.com,Male,93.107.122.38,Mauritius,$42.83,43
994,Evvie,Fawlkes,efawlkesrl@xrea.com,Female,77.31.232.11,Kazakhstan,$66.08,46
995,Immanuel,Bletcher,ibletcherrm@opera.com,Male,181.203.185.103,China,$48.53,26
996,Piggy,Dellenbroker,pdellenbrokerrn@vimeo.com,Male,33.173.32.6,China,$47.14,49
997,Kahaleel,Cheales,kchealesro@comsenz.com,Male,186.152.84.27,Japan,$14.23,69
998,Michell,Jermin,mjerminrp@shareasale.com,Female,233.162.140.157,China,$92.28,63
999,Devina,Ingerson,dingersonrq@joomla.org,Female,40.210.74.122,Ukraine,$31.40,95
1000,Maryanna,Enos,menosrr@wufoo.com,Female,200.10.38.246,United States,$3.63,31
